id,username,text,create_time,follower_count,location
1492813233282895873,allon,"#Ki#kishimotoinu  is on fire 

Lets kill a few Zeros together because we are the fastest growing crypto community iâ€¦ https://t.co/pyflTe7YSF",2022-02-13 10:49:44+00:00,40,
1492813194389295105,webnowğŸŒ,A popular crypto strategist is predicting rallies for XRP and one decentralized finance (DeFi) altcoin and says thaâ€¦ https://t.co/jlqxdJpoQw,2022-02-13 10:49:35+00:00,6447,USA
1492813194351493122,webnowğŸŒ,"Earlier this week, the world&amp;#8217;s largest cryptocurrency Bitcoin (BTC) made a brief move above $45,000. However,â€¦ https://t.co/3nMrkRIap0",2022-02-13 10:49:35+00:00,6447,USA
1492813164882239488,Yopihhh $Nakamoto,"OMG, this is such a cute FudğŸ˜‚

@ShytoshiKusama @Shibtoken 

#Crypto #BTC #ETH #BNB #BSC #Binance #SHIBARMY #NFTâ€¦ https://t.co/LsYyZdRz5Z",2022-02-13 10:49:28+00:00,301,"Subang, Jawa Barat"
1492813158418825218,Personal Branding for Creators,"$BTC they need to pump for superbowl to dump on everyone next week sometime lol, that I'm confident in ï¸",2022-02-13 10:49:26+00:00,8,
1492813144216932357,Filipe Lameiras,$DOGE $BTC Super Bowl hype !! ï¸,2022-02-13 10:49:23+00:00,5,
1492813121102262274,E Merfalen,It is not the mountain we conquer but ourselves! #nature #Mountain  #freedom #strength #empowermentâ€¦ https://t.co/7Mm3iXYD6s,2022-02-13 10:49:17+00:00,47362,
1492813110696366082,Trader for Travel,Eyes on #bitcoin #BTC https://t.co/jXuqWu9bDM,2022-02-13 10:49:15+00:00,1,
1492813105755475972,KB411,"so many indicators pointing to a bottom on the market here.

- btc percentage on exchanges have hit   a 3yr low
- pâ€¦ https://t.co/AYKxoRNIUf",2022-02-13 10:49:14+00:00,26,"Queensland, Australia"
1492813101934260224,Shormani,"This amazing faucet from @_bitcoiner is making me tweet this to claim my free Lightning sats. âš¡

@boltcoiner unlockâ€¦ https://t.co/Qg0EJmjWJf",2022-02-13 10:49:13+00:00,23,
1492813096297062400,michelle witcher,Come check out my stuff https://t.co/tyeh32wFv6  #nftartwork #rarible #metaverse #btc #nftsstories #defiâ€¦ https://t.co/p1IKJZ7Qob,2022-02-13 10:49:11+00:00,8,
1492813072267943939,Seyi olaoyeğŸ’¥,"Bid BTC @39k$ ,40k$, 41k$ seems Cool,  bounce will be Cool

#BTC Bitcoin #btcanalysis #cryptocurrency #cryptotrading https://t.co/lVjQi4vYkD",2022-02-13 10:49:06+00:00,552,
1492813054098169858,Crypto ChampZ,"we're all in this togetherğŸ—¿ Retweet if you're on the same grindğŸ˜‚

--
#NFTCommunity #nftmeme #cryptomemes #BTC #ETHâ€¦ https://t.co/nkRpmj3PUB",2022-02-13 10:49:01+00:00,2,
1492813052957368320,Alfred Schutz,"A very good development for the innocent, civilians and humanity. 
#UkraineCrisis #btc #doge #shib #gala #xrp #sandâ€¦ https://t.co/4GDnqLPSDb",2022-02-13 10:49:01+00:00,154,
1492813051111751680,CRYPTO_STACKER,"#BTC #Airdrop #BNB #DOT
#FENiToken Airdrop
Listing Price - 1 Feni = $1 

Airdrop Link ğŸ”—
https://t.co/5oLJP38lqT

Reâ€¦ https://t.co/QUlhUJzNJB",2022-02-13 10:49:01+00:00,266,"Bihar, India"
1492813033046876162,CryptoKaty,"Missed this event?ğŸ¤·

No worries coz there's gonna be a lot more of @nobilitytoken event. Gonna hold $NBL now!ğŸ¤‘

Cheâ€¦ https://t.co/1q4wFpUqRH",2022-02-13 10:48:56+00:00,345,
1492813023219798017,MyFive85,#GoodMorning #Coffee with some #Crypto #News and #Charts #BTC #ETH #ADA #ALGO #Fone #HiDollar #MATIC #MANA #SOL #ToTheMoon,2022-02-13 10:48:54+00:00,24,
1492812991389405199,WooTradez,$BTC Above the 830ema = Bullish https://t.co/8J5GOUJTCw,2022-02-13 10:48:46+00:00,1579,
1492812981389996034,HappyBruwe,"Goodmorning everybody! I am buying a couple of NFTâ€™s from my followers today, so drop your NFTâ€™s and follow me.â€¦ https://t.co/I4qRS3A6c1",2022-02-13 10:48:44+00:00,55,
1492812957973110786,NFT Art Community,Love NFTs â€¦ Do you own a Domain-Name.NFT ? #opensea #domain #nft I like this one â€¦ https://t.co/RJZVjMx1XL,2022-02-13 10:48:38+00:00,5258,Shanghai
1492812957650239489,Cryptonite13 - $CDROP,"#GM #Crypto #BTC

Today is going to be a, wait for it, GREEN Sunday!!!

Happy super bowl green Sunday day ğŸ‘ŒğŸ‘âœï¸ğŸ¤ŒğŸ¤",2022-02-13 10:48:38+00:00,32,Everywhere
1492812952537341953,Cats n' Dogs Trust,ğŸ¤‘ğŸ˜ #ZIGICOIN #zigimeta #zigi #workfromhome #crypto ğŸ“ˆ #btc Try ğŸƒğŸ˜¢ now: https://t.co/KX6s6CXx4k,2022-02-13 10:48:37+00:00,123,UK
1492812937450430468,Capitan,"$BTC Price: $42617
$ETH Price: $2936
$LTC Price: $126

Next update in 10 minutes
Last updated: 5:48:30.05",2022-02-13 10:48:34+00:00,1730,
1492812891954814976,Md Sohanur Rahman,"BLURTLATAM CONTEST | SEMANA #2 â€” Blurt
@BlurtSocial @BlurtOfficial @blurthispano

 https://t.co/0SVkszeJGeâ€¦ https://t.co/GRz5LgcZXh",2022-02-13 10:48:23+00:00,168,
1492812865295683589,Taraq Ajij,This project will go much further in the future because the team work is very strong. We will be happy to see the aâ€¦ https://t.co/ZCXqbgRNPp,2022-02-13 10:48:16+00:00,7066,Bangladesh 
1492812859969093638,b,"$MATIC | $BTC chart.
no breakout yet. https://t.co/7f3DsZcW2s https://t.co/ZpjIp7z1h9",2022-02-13 10:48:15+00:00,9375,"SarÄ±yer, Ä°stanbul"
1492812857666330625,ScannerSignal,"Active trading pairs On Binance Right Now !!! 
These USDT pairs are making a move.
â‡ $DOGE
â‡ $SHIB
â‡ $BTC
â‡ $SLP
â‡â€¦ https://t.co/13qAEHLYP7",2022-02-13 10:48:15+00:00,3110,
1492812855502159874,DYOR.net,"[Scan results - #KuCoin - 15m]

Top 5 bullish trend on #BTC pair
1: $CVC
2: $DAPPT
3: $WAX
4: $TKY
5: $BEPRO

Top 5â€¦ https://t.co/q4iZHKrgtF",2022-02-13 10:48:14+00:00,96018,Internet
1492812825596772352,Milton DSouza,One supply. 5 #blockchain #BSCGem #BSC #BinanceSmartChain #1000xgem #100xgem #BUSD #presale #Bullishâ€¦ https://t.co/7QQajteqiz,2022-02-13 10:48:07+00:00,631,EverRise City
1492812822320930825,DYOR.net,"[Scan results - #Gateio - 15m]

Top 5 bullish trend on #BTC pair
1: $RENBTC
2: $OAX
3: $ETC
4: $HC
5: $GAS

Top 5 bâ€¦ https://t.co/VDoS05xrqr",2022-02-13 10:48:06+00:00,96018,Internet
1492812821448753156,AlucardğŸ§›,"High Voltage Worlds is now open for exploration!

ğŸš€You are EARLYğŸš€

âš¡ $SOL #NFT to pay holders $BTC mining profits
âš¡â€¦ https://t.co/nf4gQ9BNt0",2022-02-13 10:48:06+00:00,16,MoonğŸš€ğŸŒ™ğŸ’
1492812801374666757,Crypto Flow,"#BITCOIN #BTC impulse bar 42514.36 - 42620.25

$BTC Bar close 42525.17

#Crypto short term volatility detection",2022-02-13 10:48:01+00:00,212,
1492812782814654465,100rav,Market Firestone for next week. #Nifty #stockmarketcrash #BTC https://t.co/izxG8lRcmi,2022-02-13 10:47:57+00:00,154,Bangalore
1492812770618019841,Money in pocket,"$BTC 

How high will this go today?

Remember where the big seller was offering out yesterday? ï¸ https://t.co/cX54GixNK2",2022-02-13 10:47:54+00:00,10,
1492812770072399876,Trex,"ride the $BTC wave, it's going up for sure so don't miss the free money. . 
$KDA $MAKI $TM $WILD $QI $LOC $DACCâ€¦ https://t.co/zICidZj1QO",2022-02-13 10:47:54+00:00,318,
1492812730507702273,EfeğŸ¦‹,"Buy and sell #cryptocurrencies privately: 

#BTCÂ #ETH #USDT #USDC #BUSD #BNB #XRP #DOGE #SOL #ADA #DOT #LUNA #AVAXâ€¦ https://t.co/NZ8iDbew2d",2022-02-13 10:47:44+00:00,129,"Benin-City, Ibadan,Lagos."
1492812729522049026,CryptoDante,Hypothesis = Possible head N shoulder. 4H 200MA key level for bulls to hold. Waiting for confirmation on support anâ€¦ https://t.co/BbUJernUEZ,2022-02-13 10:47:44+00:00,222,"London, England"
1492812724178460675,The Gem Miner ğŸ’â›,"I feel that 90% of crypto twitter is short after calling that double top on the 4HR

I also feel that they are abouâ€¦ https://t.co/8PA232b4Ue",2022-02-13 10:47:43+00:00,10329,The Mine
1492812723532738560,scalper432,$btc #btc #Bitcoin closed longs and drop bids lower back to below stoploss 42200,2022-02-13 10:47:43+00:00,1517,
1492812692352086023,DYOR.net,"[Scan results - #Binance - 15m]

Top 5 bullish trend on #BTC pair
1: $OAX
2: $TORN
3: $KLAY
4: $WAXP
5: $UNI

Top 5â€¦ https://t.co/Yy0L0hurx8",2022-02-13 10:47:35+00:00,96018,Internet
1492812682260619266,ğŸ‘¨ğŸ¾â€ğŸ’¼ ğŸ‘¨ğŸ½â€ğŸ’» ğŸ¦¸ğŸ½â€â™‚ï¸ ğŸ§™ğŸ»â€â™‚ï¸ Falcon Trader,"New post in Falcon Trader Club: Shib was good too, I exited earlier but it had gone 50%++ from by entry level 

Whyâ€¦ https://t.co/nA1yzozfg8",2022-02-13 10:47:33+00:00,84,Crypto Park
1492812669119709185,Bitcoin BotğŸ¤–,Current #Bitcoin Price is $42579 #BTC #Crypto,2022-02-13 10:47:30+00:00,577,server
1492812644805398530,Amilcar Alzaga,#bitcoin $BTC maximalists on a regular dayâ€¦ https://t.co/qVz8BykD4b,2022-02-13 10:47:24+00:00,55,"Nuremberg, Bavaria"
1492812644696395777,Crypto Bunny,"#Bitcoinâ€™s hash rate just exploded to a new ATH of 248.11 EH/s!

Are you bullish on $BTC?
ğŸ‘‡ğŸ»ğŸ‘‡ğŸ»ğŸ‘‡ğŸ»",2022-02-13 10:47:24+00:00,627,
1492812637708640256,â™ ï¸CryptoğŸ’²hiâ€¢Lite Â®ğŸ¤,Bounce here #bitcoin $btc #btc,2022-02-13 10:47:22+00:00,822,Germany
1492812603722063872,tyy,"Institutional adoption has been the main driver of BTC growth for years now, while DeFi and NFTs were grassroots moâ€¦ https://t.co/JjvZ5GbL5u",2022-02-13 10:47:14+00:00,50132,
1492812602522669068,Nirvana Pissandro,"This here people is what i am talking about, you should not miss out. Best project in Town  

#NFT #ottez #cryptoâ€¦ https://t.co/qxdvWcobLU",2022-02-13 10:47:14+00:00,918,Home
1492812596038496260,Caroline Alpha,"The team tests and works on the integration of the landing pages constructor with CRM, plans to release a large plaâ€¦ https://t.co/NYNfYzTP5C",2022-02-13 10:47:12+00:00,2377,
1492812577725947906,Crypto Blaze Signals,"Support us on patreon! https://t.co/ftiSeylK1m
$BTC $ETH $DOGE $XRP $COCOS $SHIB $DOT $BNB $SOL $ADA #cryptoâ€¦ https://t.co/SPF4j2JylT",2022-02-13 10:47:08+00:00,50,
1492812547652612098,Trex,"$OPCT Climbing on ranks against big boys. #8 RN!

$ROSE $BTC $SHIB $GALA $MANA https://t.co/sWuiuPodBx",2022-02-13 10:47:01+00:00,318,
1492812502383886338,Wang Lihua,"BTC Active 1+ Year Supply Percentage Hits 13-Month High

According to glassnode data, the proportion of BTC supplyâ€¦ https://t.co/uxwvgMvIFC",2022-02-13 10:46:50+00:00,45,
1492812494888386560,Crypto BigBen,"BREAKING NEWS!  #CryptoSignals 

Follow me for more signals!

#VTC #Vertcoin #bitcoin #CryptoNews #cryptocurrenciesâ€¦ https://t.co/7jy1Fpz4l8",2022-02-13 10:46:48+00:00,206,
1492812473476554753,BitcoinAgile,Possible inverted head and shoulders. for BITSTAMP:BTCUSD by WaveSurfer17 #Bitcoin $BTC https://t.co/GaQd5sdu0x https://t.co/3Qbya53FP4,2022-02-13 10:46:43+00:00,64704,Matter Doesn't Matter
1492812450726559747,Captain Crypto,"Online earning
2020 and 2021 best Tron mining website
10.000 #TRXÂ  sign up bonus

12% daily withdrawal limit

100%â€¦ https://t.co/i3YZN81LHE",2022-02-13 10:46:38+00:00,27238,
1492812448524496896,Trex,"$BLZ on the 4H is looking pretty primed. Hold steady $BTC . 

$POND $TFUEL $BTC $ADA $BNB $XRP $MATIC $COTI $RUNE https://t.co/Kq1flmnqF4",2022-02-13 10:46:37+00:00,318,
1492812442203611137,Orignal Ventures,XRP and One Low-Cap Altcoin Gearing Up for Rallies As Bitcoin (BTC) Pulls Back: Top Crypto Analyst https://t.co/jdGxDPa6NW,2022-02-13 10:46:35+00:00,1496,
1492812434628919298,cryptob0t.eth,BTC is stupidly undervalued,2022-02-13 10:46:34+00:00,38694,
1492812411308490757,Sioux City Crypto,#cryptocurrency #Crypto #Bitcoin #blockchain #BTC #Economics #FinancialEducation #Metaverse #DeFi #GameFiâ€¦ https://t.co/vq4XzG9LZv,2022-02-13 10:46:28+00:00,1183,"Iowa, USA"
1492812395697344512,MED EL BARAKA,ğŸ’¸ Earn free #BTC and multiply crypto up to 15% monthly with @betfury BOXes ğŸ“¦ Enjoy the easy way to get cryptocurrenâ€¦ https://t.co/LAvXHyQtNC,2022-02-13 10:46:24+00:00,6,"Agdal Riyad, Royaume du Maroc"
1492812390248992769,Beezy McDeezy,"Youâ€™ll receive 13,080,000,000

IÂ´ll be giving  13,080,000,000 in $Shib Satoshi to the first 1500  people who followâ€¦ https://t.co/CUNKwMnksD",2022-02-13 10:46:23+00:00,0,
1492812325853687811,CryptoCharts,Thoughts on $BTC #Bitcoin! See WaveSurfer17's idea on TradingView below. https://t.co/cpyGpWqaqv,2022-02-13 10:46:08+00:00,2815,Trade here ğŸ‘‰
1492812322829750276,coinoptionstrack bot,"ğŸŸ¥ $BTC block trade alert [Deribit] ğŸ§±ğŸ§± 

APR(29) $46,000 Calls sold 16.8 @ 0.0869 BTC($3,698.61); Total=1.4599 BTC($â€¦ https://t.co/FL43SfImP5",2022-02-13 10:46:07+00:00,124,Worldwide
1492812322825506817,coinoptionstrack bot,"ğŸŸ© $BTC block trade alert [Deribit] ğŸ§±ğŸ§± 

FEB(25) $40,000 Calls bought 16.8 @ 0.081 BTC($3,447.50); Total=1.3608 BTC(â€¦ https://t.co/MgByXrD0md",2022-02-13 10:46:07+00:00,124,Worldwide
1492812317485985795,Maxbit.cc ğŸ¥,XRP and One Low-Cap Altcoin Gearing Up for Rallies As Bitcoin (BTC) Pulls Back: Top CryptoÂ Analyst https://t.co/ADsZLTeNzW,2022-02-13 10:46:06+00:00,683,Homeless
1492812306807287809,IUpaca,"Meme coin                                                    Doge is Btc ,shib  is  Eth , shinja  is Atom",2022-02-13 10:46:03+00:00,22,
1492812299174051846,Melody Shaw,"$BTC Today's watchlist &amp; winning alerts,,. https://t.co/VrEIEs03uj",2022-02-13 10:46:01+00:00,0,
1492812296217051142,Heartless ğŸ’¯% free tag sepuasnya ğŸ‘‹,"#PFMC 
Rules of Metaverse

Nft with passive income everyday ğŸ”¥

Come join with US ğŸ¥³
We growth together â¤ï¸

DC linkâ€¦ https://t.co/mWkNC2MDhQ",2022-02-13 10:46:01+00:00,388,
1492812295919050754,Satoshi Guide â„¢ï¸,"Good Morning Digital Traders

It's Super Bowl event today where approximately 117 million audience will watchâ€¦ https://t.co/DnppjoxR9c",2022-02-13 10:46:01+00:00,79,
1492812289724104705,ExchangeWhalesğŸ‹,"ğŸš€ğŸš€ğŸš€ $1,422,703 BTCUSDT LONGED @$42,524.61 on #Binance (10:45:59 UTC) #BTC #cryptocurrency",2022-02-13 10:45:59+00:00,2066,
1492812289249984514,BTC Market AlertğŸš¨,"ğŸ‹ğŸ“‰ã€Sellã€‘ BTCUSDT
Qtyï¼š$1,422,703ï¼ˆ33.4 BTCï¼‰ğŸ³ğŸ³
Priceï¼š$42,524.61
[10:45:59 UTC] on Binance Futures",2022-02-13 10:45:59+00:00,27504,
1492812272254681093,Mr.Popcorn,What's HAPPENING!!?? #Shinja IS Going on A #Bullrun! 50%+ bounce up and a #NFT  #Shibnobi #nfts. Buy buy buy buyâ€¦ https://t.co/2anYLvnS7M,2022-02-13 10:45:55+00:00,155,
1492812259718209538,WooTradez,$BTC Breaking out ğŸ‘€ https://t.co/lCOm9mMUo0,2022-02-13 10:45:52+00:00,1579,
1492812225853026304,Stanizman,$BTC bullish diamond... Weekend but the bull have seen it from afar. https://t.co/RIWKbQmexV,2022-02-13 10:45:44+00:00,731,Australia
1492812218395549696,silky,$AXS.X Learning to play the crypto markets both ways is essential if you want to capture these moves. Check us outâ€¦ https://t.co/wl1EOWp3T7,2022-02-13 10:45:42+00:00,135,United States
1492812213471432704,Rajarsi Saha,$BTC  i am very bullish ğŸ””,2022-02-13 10:45:41+00:00,7,"Kolkata, India"
1492812193871527937,CoinOK,1 BTC Price: Bitstamp 42585.47 USD #BTC #Bitcoin 2022-02-13 05:45 https://t.co/DYhMBaYk85,2022-02-13 10:45:36+00:00,10285,
1492812157674831874,Love Warrior,U.S. Battles Putin by Disclosing His Next Possible Moves https://t.co/4ngBMIMeYD #Biden #BBC #BBCeleb3 #USAâ€¦ https://t.co/7GWMDcCzXV,2022-02-13 10:45:28+00:00,20,"Rhode Island, USA"
1492812150896742400,Crypto Signal Masters,"ğŸš€ğŸ”¥ #BTC - [ALERT] Technical Analysis shows a ğŸŸ¢ reversal point for $BTC at Price 42316.31668572628 

ğŸ” Want us to goâ€¦ https://t.co/dX4tKvuHQA",2022-02-13 10:45:26+00:00,2194,
1492812098946088963,Love,"Go to https://t.co/moaGmniuwBÂ for 5 BTC #bonus! It is real! 

Bet by #bitcoin and increase your coins

#Bettingâ€¦ https://t.co/k0i2VPuKOA",2022-02-13 10:45:14+00:00,574,Australia
1492812076699594756,ChartingBot,"ğŸ“ˆAnalysis February 13thğŸ“ˆ

The current price of $BTC is 42589.85$ (â¬†0.96%), and its dominance is 43.82%. 

The markeâ€¦ https://t.co/kKrP9lluGe",2022-02-13 10:45:08+00:00,33,Bitcoin
1492812056323506176,Robostopiaâ„¢,"ğŸ’° Market Cap: $1,907,587,129,876
ğŸ‘Š BTC Dominance: 42.31%
ğŸ’š BTC: $42,582.91
â¤ ETH: 0.06887901 BTC
â¤ USDT: 0.00002350â€¦ https://t.co/Focbdn7bwx",2022-02-13 10:45:03+00:00,2553,World
1492812049369415684,7 Mile Crypto,"Quote of the Day!

â€œA ship in a harbor is safe, but thatâ€™s not what ships are built for.â€ 
â€”John Shedd

.
.
.
.â€¦ https://t.co/bM8slDe2uE",2022-02-13 10:45:02+00:00,51,
1492812045590224896,Mila playporn,"Bitcoin rebounds to $31.6K, but warnings of another BTC price plunge are everywhere
#bitcoin #crypto #eth #litecoin
https://t.co/iRJvPgK6Qs",2022-02-13 10:45:01+00:00,8668,
1492812045342806017,silky,"BTC.X Sometimes the moves happen fast and in our favor. +$21k on this position.

$BTC $ETH $SPY $DOT  $SHIB $SOLâ€¦ https://t.co/I4pJyamKSy",2022-02-13 10:45:01+00:00,135,United States
1492812044717993984,Pump Portal ğŸ¦ ,New post in Crypto Trading Signal: Looking to short BTC here i see it pumping a little than down before the marketâ€¦ https://t.co/RqU6aH5tKY,2022-02-13 10:45:01+00:00,565,
1492812041878478851,Giovanni Perri,Is this just another one of those charts? #Crypto #BTC https://t.co/sAnF4V57XF,2022-02-13 10:45:00+00:00,52,London
1492812040582356993,Cryptocurrency prices (real-time),"Top 10 #Cryptocurrency Live Prices: 
(05:45 AM . Feb 13,2022)

#BTC $42582.91
#ETH $2932.76
#BNB $404.03
#DOGE $0.1â€¦ https://t.co/fnw08xmJu8",2022-02-13 10:45:00+00:00,762,
1492812027806375937,Taraq Ajij,This project is magnificent has a great future. This project a strong team will bring success. I would definitely râ€¦ https://t.co/tp8ZMEEipv,2022-02-13 10:44:57+00:00,7066,Bangladesh 
1492812025051095040,waris,"Trending on #LunarCrush:

""XRP and One Low-Cap Altcoin Gearing Up for Rallies As Bitcoin (BTC) Pulls Back: Top Crypâ€¦ https://t.co/zqHuWpNTro",2022-02-13 10:44:56+00:00,67,mahishmati samrajya
1492812023306268672,Sang's Rich,"Trending on #LunarCrush:

""Top 10 Metaverse Crypto Coins With the Highest Amount of Twitter Followers Â» NullTX"" 

Tâ€¦ https://t.co/X1MhEKd7WM",2022-02-13 10:44:56+00:00,13,Vietnam
1492811976900489218,silky,Im not going to compare other servers to this server because there is no comparison. Everyone on this server will hâ€¦ https://t.co/zqwqUESMH4,2022-02-13 10:44:45+00:00,135,United States
1492811970348736514,Sativa boyğŸƒ,Saw my guyâ€™s btc wallet all i can say is im sleeping lol,2022-02-13 10:44:43+00:00,141,Liquidity.
1492811959590293504,shrugsnothugs,$BTC Boom ğŸ“£,2022-02-13 10:44:40+00:00,9,
1492811934671929346,silky,"The community here is great. Awesome people, a lot of knowledge, and many people who can help/guide you. I LOVE theâ€¦ https://t.co/S0155v1FZ3",2022-02-13 10:44:34+00:00,135,United States
1492811913314521090,Crypto Day Trade,"BTC/USDT LONG  â¬†ï¸
Entry Price: 42563
TP: 42900

#BTC #Binance #Futures #Signal",2022-02-13 10:44:29+00:00,29,
1492811910256885760,Trex,"$BTC soon going to be parabolicğŸš€

Pack your bags ğŸ’¸

Profit gonna rain in 6 hoursâœ”ï¸

For best calls and targetsğŸ¯
LINâ€¦ https://t.co/iWB8kSiTUs",2022-02-13 10:44:29+00:00,318,
1492811795689578500,Cryptos Alerting,"[ $BTC ] Bitcoin, [ $XRP ] XRP  
XRP and One Low-Cap Altcoin Gearing Up for Rallies As Bitcoin (BTC) Pulls Back: Toâ€¦ https://t.co/te5Af9ApT5",2022-02-13 10:44:01+00:00,1093,
1492811790752919553,SHIBILIA î¨€,"Bybit (Perpetual)
#DOGE - Unusual buying activity
5.69M USDT in 11 minutes (9%)

Binance - BTC Market
#DOGE - Unusuâ€¦ https://t.co/EwpBDnMnBq",2022-02-13 10:44:00+00:00,3589,SHIBERSE
1492811749891973122,bp ğŸ’œ,Take note #KleeArmy this message is for you all! #KleeRun #p2e @KleeKaiETH @CollazoPitt @cloudkaiwiz #googleplayâ€¦ https://t.co/6N5840WBHV,2022-02-13 10:43:50+00:00,88,"Scotland, United Kingdom"
1492811720741601283,Crypto Crypto News,Pantera Capital CEO: Bitcoin (BTC) Could Hit $115k after Halving CRYPTO CRYPTO NEWS - https://t.co/SeDTHnzuVH https://t.co/UbBwm06b25,2022-02-13 10:43:43+00:00,3540,Planet Crypto 
1492811719202131969,silky,"I think the best part of this server is the educational part - and a big thank you to guys for all lessons, now wheâ€¦ https://t.co/yOvD42862g",2022-02-13 10:43:43+00:00,135,United States
1492811712583585792,PsychoOrganicMathematics. (It's a start),"They will, after Craig Wright moves his coins, and everyone finds out that BTC is BTC and BSV is Bitcoin, and thatâ€¦ https://t.co/OpHCz2L99H",2022-02-13 10:43:42+00:00,95,"Mother Terra, The Great Plane."
1492811671190056960,Yovannis HernÃ¡ndez Estrada,"This amazing faucet from @_bitcoiner is making me tweet this to claim my free Lightning sats. âš¡

@boltcoiner unlockâ€¦ https://t.co/PfzBrI8QjW",2022-02-13 10:43:32+00:00,10,
1492811669160042496,Morales âˆğŸ’œ (Ethereum scaling solutions stats) ğŸ“Š,$BTC $ETH $MATIC https://t.co/IhHo99P6zz,2022-02-13 10:43:31+00:00,4842,
1492811650575048705,TRADE WITH RENATO ULIANOV,"#BTC technical analysis. Nasdaq turning the keys towards BTC.
https://t.co/MyHYKXBJEg",2022-02-13 10:43:27+00:00,630,SPAIN
1492811626642214913,silky,"Just wanted to say the CT academy lessons are a cut above the rest and so far Iâ€™m really impressed, to say the leasâ€¦ https://t.co/MQVBh1aXPO",2022-02-13 10:43:21+00:00,135,United States
1492811618832756736,iron giant,$Btc showing bullish engulfing on the daily ğŸ¤·ğŸ¼â€â™‚ï¸ğŸ¤·ğŸ¼â€â™‚ï¸ #bitcoin #crypto,2022-02-13 10:43:19+00:00,16,
1492811604362252288,laaaybaddd____ğŸ’•ğŸ’‹,I can tell what type of btc  you are by yo edges ğŸ¦ˆğŸ”‹ğŸ˜‚,2022-02-13 10:43:16+00:00,582,
1492811601803546629,Sandesh George Oommen,"$BTC chart looks nice some down trend to be wary of, but to me I think it maintains trend abs we see 80k by end ofâ€¦ https://t.co/u4FQRlcln6",2022-02-13 10:43:15+00:00,8,
1492811580299530240,CryptoArmania,"Bybit (Perpetual)
#DOGE - Unusual activity
5.69M USDT in 11 minutes (9%)
Binance - BTC Market
#DOGE - Unusual buyinâ€¦ https://t.co/N3a5ssm5jr",2022-02-13 10:43:10+00:00,318,
1492811577287839748,Buckingthesystem,"#btc #monero #piratechain  
Impressive #TuckerCarlson 
https://t.co/NEKzBVyCsm",2022-02-13 10:43:09+00:00,120,
1492811574230327299,Crypto Bunny,"#COS /BTC (BINANCE) 

BUY -  40 SATs 

SELL - (60 - 80 - 120 - 150 - 200 - 250 - 300) SATs 

BUY #COS . Till 1ST  &amp;â€¦ https://t.co/6Etc3mtTvt",2022-02-13 10:43:09+00:00,627,
1492811573005537282,crypto News,"The best time to buy Modex is today 
Tomorrow will in a big exchange 
Congratulations to Modex
hopefully it will beâ€¦ https://t.co/Pk8aE7NLcw",2022-02-13 10:43:08+00:00,1603,
1492811571776602115,TheCryptoMancer,"BlackRock, which looks after $10 trillion in assets for institutional investors, is gearing up to enter the bitcoinâ€¦ https://t.co/6vKf2cBsQd",2022-02-13 10:43:08+00:00,70,
1492811528500019202,Ramya Jemini,"$BTC btc king of crypto will rise like a bull end of feb all of March , April ,
May 15th it will take a slight dip till 
August 15th ğŸ’¢",2022-02-13 10:42:58+00:00,10,
1492811515229249549,PhillipX ğŸ¦ğŸ¦ˆğŸ³ğŸ‘ºğŸ¦ğŸ¦§ğŸ„ğŸ¥®ğŸ‘,"#kishimotoinu  is on fire 

Lets kill a few Zeros together because we are the fastest growing crypto community in tâ€¦ https://t.co/HSj9vRsriK",2022-02-13 10:42:54+00:00,612,
1492811484157689857,Resmond ğŸ”º,"Been watching $SNX as of last weeks tweezer bottom on the weekly, this week got a nice back test of support at $4.8â€¦ https://t.co/74pys9YH06",2022-02-13 10:42:47+00:00,147,
1492811463504932866,Stjuart Tisot,Good Morning Crypto World! ğŸ¥°â™¥ï¸ #BTC #BNB #binance #NFTCommunity #NFTdrop #ETH #cryptocurrencies #cryptotrading #Cryptos #crypto,2022-02-13 10:42:42+00:00,34,Bosnia and Herzegovina
1492811461139341317,Hamza,"Buy and sell #cryptocurrencies privately: 

#BTCÂ #ETH #USDT #USDC #BUSD #BNB #XRP #DOGE #SOL #ADA #DOT #LUNA #AVAXâ€¦ https://t.co/S3NMrSQgkr",2022-02-13 10:42:42+00:00,699,"Ilorin, & strees free places"
1492811458043912193,"ZigiFX - Trade Stocks, Forex, CFD's and Crypto",24/7 ğŸ…± WITHOUT ğŸš«ğŸš« EVER ğŸ‘©ğŸ¤” TURNING OFF ğŸ˜‚ğŸ‘‹ THIS ğŸ” PLAYLIST #ZIGIMUSIC #zigi #workfromhome #crypto ğŸ˜± #btc Try ğŸ˜¢ğŸ’ª now: https://t.co/Gi3LpcMY2O ğŸ˜,2022-02-13 10:42:41+00:00,669,
1492811456391544832,cryp trade capitar,"Unique, modern, win-win trading strategies,
developed directly by the traders of the companyâ€¦ https://t.co/ZzeO17b6qh",2022-02-13 10:42:40+00:00,1498,
1492811449550491651,Wee Blue Ghost,"- 
BTC price: $42,617 / Â£31,423 

23.46 Naks per USD
31.82 Naks per GBP
 
&lt;going UP!&gt; 

One #Bitcoin = one millionâ€¦ https://t.co/KTaLfRXbzr",2022-02-13 10:42:39+00:00,173,
1492811446471725057,U2Crypto@U2Crypto,Crypto Super Bowl Primed To Pump $BTC https://t.co/XCFRoqBCKb,2022-02-13 10:42:38+00:00,130,
1492811444370300928,Tony,"I think $43k in short term for intraday target, Iâ€™ll look for scalp entry if closes outside the box (Sunday Range)â€¦ https://t.co/0L4jTsO2z9",2022-02-13 10:42:38+00:00,6145,India
1492811444244467713,Crypto Trader Pro ğŸ‡ºğŸ‡¸,expect a bullish candle on btc then we go up https://t.co/v32UoT7WLY ğŸ™‹ Wealth is Health viaâŸ¶ https://t.co/W9JkmtDrVa https://t.co/QvPZ7S9pkA,2022-02-13 10:42:38+00:00,31811,ğŸ‡ºğŸ‡¸
1492811441065267205,mooncake ğŸ§œğŸ»â€â™€ï¸,$BTC 15m intraday | Bearish diamond pattern but 3rd attempts breaking a resistance usually succeed. Should you longâ€¦ https://t.co/JKLardH9ev,2022-02-13 10:42:37+00:00,15,Winterfell
1492811435205824514,Crypto Trader Pro ğŸ‡ºğŸ‡¸,"Yesterday someone set up a BTC wallet for the first time and bought 44,612 BTC ($1.8 Billion)â€¦ https://t.co/8eoouHnSPG",2022-02-13 10:42:35+00:00,31811,ğŸ‡ºğŸ‡¸
1492811434606088192,ãƒŸâ˜… ğ˜Œğ˜¥ğ˜¥ğ˜º ğ˜·ğ˜¢ğ˜¯ ğ˜ğ˜‘ğ˜»ğ˜¦ğ˜¯ğ˜¥ğ˜°ğ˜°ğ˜³ğ˜¯ â˜…å½¡,"https://t.co/uB0va6V1SE Joins #FTX in Buying #SuperBowl Ad for 2022.

Start trading #BTC , #ETH #CRO ,#XRP  and othâ€¦ https://t.co/uLY4ZB5y9i",2022-02-13 10:42:35+00:00,159,"Castricum, Nederland"
1492811429849616384,Crypto Trader Pro ğŸ‡ºğŸ‡¸,CDC maximilsts donâ€™t have long to go re the Super Bowl influence. Wondering what the next bandwagon will be. I findâ€¦ https://t.co/4K4UjrNxc8,2022-02-13 10:42:34+00:00,31811,ğŸ‡ºğŸ‡¸
1492811424493494275,Crypto Trader Pro ğŸ‡ºğŸ‡¸,"Those of you with CRO VISA cards, how much cashback (in CRO) have you got per month... Roughlyâ€¦ https://t.co/oHuKx6G44V",2022-02-13 10:42:33+00:00,31811,ğŸ‡ºğŸ‡¸
1492811418147737601,ğŸŸ¢Abena,"ğŸ¤”What do you use to distribute some altcoins to your fans @elonmusk ?
https://t.co/VQddXwFPcu is one of the best plâ€¦ https://t.co/kBEskzjH4W",2022-02-13 10:42:31+00:00,703,Home
1492811415563952132,Jcs3001,Canâ€™t wait â¤ï¸ #DogeDash #Crypto #NBA #Lakers @SnoopDogg #btcÂ Â Â  #ETH #BSC #BinanceÂ Â Â  #NFTs #Tesla @elonmuskâ€¦ https://t.co/HzeOJ7jGpB,2022-02-13 10:42:31+00:00,39,"PÃ³voa de Varzim, Portugal"
1492811409142398980,Bitcoin BotğŸ¤–,Current #Bitcoin Price is $42581 #BTC #Crypto,2022-02-13 10:42:29+00:00,577,server
1492811388644954112,Crypto Trendin,"Top 5 Mentions Updated Every 15 Minutes

  [BETA STAGE] Except BTC and ETH  

  1- $ETC:276262 point ğŸš€

  2- $XRP:2â€¦ https://t.co/vXIBJkY5Eg",2022-02-13 10:42:24+00:00,20764,
1492811382521278467,Bitcoinâš¡ï¸,"The latest #bitcoin block 723084 with 2918 transactions was just mined by Carbon Negative (unidentified)
Total Feesâ€¦ https://t.co/2z1SyJctPz",2022-02-13 10:42:23+00:00,282,Blockchain
1492811353853104129,tyy,"Nuance doesnâ€™t play well on Twitter but iykyk

Itâ€™s ğŸ’¯ true that web3 is more a promise than reality. The infrastrucâ€¦ https://t.co/leVBJ710xw",2022-02-13 10:42:16+00:00,50132,
1492811325055148033,crypto&NFT&Metaverse news,"NFT news.

How to Sell Out an NFT Collection: Creator Who Made .6 Million - Business Insiderâ€¦ https://t.co/OpwI3a0WMZ",2022-02-13 10:42:09+00:00,694,MOON
1492811305195286528,BTC Market AlertğŸš¨,"ğŸ‹ğŸ“‰ã€Sellã€‘ BTCUSDT
Qtyï¼š$1,035,655ï¼ˆ24.3 BTCï¼‰ğŸ³ğŸ³
Priceï¼š$42,560
[10:42:04 UTC] on Binance Futures",2022-02-13 10:42:04+00:00,27504,
1492811299394228224,BitcoinPress,"#Altcoin #BTC #XRP Ripple Soars 8%, Bitcoin Maintains Crucial $42K https://t.co/vIDF0XXWdl",2022-02-13 10:42:03+00:00,806,
1492811295913312256,ELMIT,"Index Coop invites you to BED, a composition of equal parts of BTC, ETH and DPI --- Like this info about The Indexâ€¦ https://t.co/XNGrXwrAMg",2022-02-13 10:42:02+00:00,4782,Taipei
1492811280595386369,Ardi Snow King ğŸ‘‘,#BTC is now at $42597.78,2022-02-13 10:41:59+00:00,95,
1492811194918670338,OKAN'S NFT COLLECTION,"Check out my new NFT on OpenSea! https://t.co/TrhnmHR74S @openseaã‚ˆã‚Š

#NFT #Polygon #OpenSeaNFT #NFTCollection #NFTsâ€¦ https://t.co/KbL7iOEvoj",2022-02-13 10:41:38+00:00,3,
1492811192796327936,MannyKaye,Markets outlook for the week ahead #BTC #NASDAQ100 #Oil   https://t.co/mjnXr0GBnA,2022-02-13 10:41:38+00:00,152,Sydney
1492811177088405507,Bitcoin Price,#BTC is now at $42597.78,2022-02-13 10:41:34+00:00,183,
1492811170650406916,Rohomat,It is interesting to observe the development. I'm with You. Good luck to everyone involved in the development of thâ€¦ https://t.co/ak37AINNFh,2022-02-13 10:41:32+00:00,3685,
1492811168599007234,Ardi Snow King ğŸ‘‘,"I love #crypto because there is literally something for everybody.

We have the instituations loving #BTC and #ETH",2022-02-13 10:41:32+00:00,95,
1492811151629037573,Ali Hasani,"Our services to the people:
Crypto training, capital management training, investment methods, purchase offer and ..â€¦ https://t.co/soDvgRrALN",2022-02-13 10:41:28+00:00,31281,India
1492811146310688768,Viacheslav Halkin âš¡,"I am claiming my free Lightning sats from @_bitcoiner's amazing faucet! âš¡

@boltcoiner unlock me 21b2e270-d2fa-40a4â€¦ https://t.co/cVRfVSftJV",2022-02-13 10:41:27+00:00,118,Ğ£ĞºÑ€Ğ°Ğ¸Ğ½Ğ°
1492811123871076358,KOLR,Mr. Popsicle #124 0.005ETH Check out my NFT listing on OpenSea! https://t.co/yHByGnkq7y via @opensea #mrpopsicleâ€¦ https://t.co/fvUOeZpoEh,2022-02-13 10:41:21+00:00,1336,
1492811122726084610,IGSquawk,"Top 5 Crypto update
#Bitcoin 42605.40 +1.7%
#Ether 2934.32 +1.95%
#Cardano 1.0646 +1.54%
#Polkadot 19.0777 +2.29%â€¦ https://t.co/eG5IQd8SB5",2022-02-13 10:41:21+00:00,59791,Global
1492811111284060163,Block_Diversity v.8 â„¢ï¸,"Good Afternoon People Living in  Parallel World ğŸ’ğŸŒ»

Watchout for CME gap close and a $BTC valentine's pump sometime today #NFA #DYOR",2022-02-13 10:41:18+00:00,8623,Hogsmeade 
1492811069613801475,Michael Warren,$BTC Another fake rally. ï¸,2022-02-13 10:41:08+00:00,12,
1492811056594526214,Crypto Currency News,"Divorcing Couples Fight Over the Kids, the House and Now the Crypto - The New York Times https://t.co/5HNqhEzgOcâ€¦ https://t.co/crIzxA4x9E",2022-02-13 10:41:05+00:00,13651,"London, England"
1492811050315501571,"Greetings, you lovely faces",$SHIB Here we go? $BTC just crossed $42600! â–¶,2022-02-13 10:41:04+00:00,10,
1492811033370669057,Dr0x84,What a fad... #Crypto #btc #spx #dow $study https://t.co/tXm5f6NtBc,2022-02-13 10:41:00+00:00,2,
1492811013703577602,Knuth,#BTC DOMINANCE TO THE MOON ğŸš€ğŸš€ğŸš€ https://t.co/PViMo48NdQ,2022-02-13 10:40:55+00:00,57,Romania
1492811006959304704,Banwari Delu,Up only #BTC https://t.co/OWp2kX6R6i,2022-02-13 10:40:53+00:00,2148,
1492810983227944964,Pandamn__it!!,"#bitcoin Block #723084 : 1563792 bytes, 2918 transactions, 6.36859899BTC($271,340) reward
            
For more infâ€¦ https://t.co/8dBoUB80R6",2022-02-13 10:40:48+00:00,108,
1492810954731577354,Bitcoin Confirms,"Block 723084
Hash: 0x...052175ce0d79213cbc399f3ecd1a3c62bcaf0a7a21097e
Size: 1.56MB, 3992470 WU, 100% full
Txs: 2,9â€¦ https://t.co/EnBnfx5tZR",2022-02-13 10:40:41+00:00,1073,
1492810947726954499,cryptymonkez,$btc shooting rn https://t.co/poOARZiQFw,2022-02-13 10:40:39+00:00,5,
1492810940680744962,gArila Crypto,"#Bitcoin 
On this drawdown from $69k to $33k, we did not see proper capitulation, as it was before.
It looks like wâ€¦ https://t.co/SAQG0tiz9r",2022-02-13 10:40:38+00:00,14,
1492810915170996224,Justin,Pump this ponzi and say nothing. $BTC https://t.co/FPjmarSbNz,2022-02-13 10:40:31+00:00,17,
1492810913086386177,(PSA 9) A Bugâ€™s life VHS,Bullish on tank tops #btc,2022-02-13 10:40:31+00:00,0,
1492810910020345858,DataPool,"Xrp Unique Tweet Quantity 

Last 7 Days
#btc #bitcoin #cryptocurrency
More Detail
ğŸ‘‰https://t.co/TReI7oOsMw https://t.co/x5UBhKvFZL",2022-02-13 10:40:30+00:00,4177,
1492810850087931905,Maxbit.cc ğŸ¥,"Live Now | Stocks, Crypto Currency, and May predictions | #BTC, #ETH #FAANGÂ Stocks https://t.co/6dGnJwp4t4",2022-02-13 10:40:16+00:00,683,Homeless
1492810831301517313,CarinaXU,$BTC 51k is coming without analysing. Left right shoulders. ï¸,2022-02-13 10:40:11+00:00,6,
1492810826532945922,ğŸ˜ Meta ELITES ğŸ’¸,"The more you learn, the more you earn.ğŸ’µğŸ’¸ğŸ’°

#crypto #nft #btc #defi #nfts https://t.co/IaKxL04vPH",2022-02-13 10:40:10+00:00,4,
1492810824720728065,Jcs3001,Iâ€™m DOGEDASH addicted â¤ï¸ #DogeDash #Crypto #NBA #Lakers @SnoopDogg #btcÂ Â Â  #ETH #BSC #BinanceÂ Â Â  #NFTs #Teslaâ€¦ https://t.co/dOl5gZu0Lg,2022-02-13 10:40:10+00:00,39,"PÃ³voa de Varzim, Portugal"
1492810782194679810,Cryptocurrency prices (real-time),"Top 10 #Cryptocurrency Live Prices: 
(05:40 AM . Feb 13,2022)

#BTC $42543.29
#ETH $2930.52
#BNB $403.61
#DOGE $0.1â€¦ https://t.co/sk5pIOnAzG",2022-02-13 10:40:00+00:00,762,
1492810770639474691,VOLTURIA,"Should I work on making NFTs about this weirdo?? 
ğŸ§ğŸ§ğŸ§ ğŸš€ğŸš€ğŸš€
.
.
.
.
#NFTCommunity #NFTshill #NFT #crypto #NFTsâ€¦ https://t.co/l6qcYewcVm",2022-02-13 10:39:57+00:00,81,Los Angeles 
1492810770593292289,cryptoking,"Yesterday someone set up a BTC wallet for the first time and bought 44,612 BTC ($1.8 Billion) #cryptoking",2022-02-13 10:39:57+00:00,279,
1492810731791732740,cryptogunslinger,i am sure there are some ta #btc people on utube that will cant keep from laughing you https://t.co/2qL8ArLVes,2022-02-13 10:39:48+00:00,379,
1492810690230317061,ğŸ¥¦DÌ·ÌÍ–ÌœoÌ´Í„ÍÌ‰Ì­Ì£rÌ¶Í‘Ì½ÌÍ‚Ì­ÌeÌ¸ÍŠÌ‹Ì…Ì’mÌ·Í„ÍŠiÌ¸Í‚ÌŒÍ„Ì•ÌˆÌ±Ì§Í•ğŸ¯,"if u guys thinking that u want to buy sth from 

me, I will tell u how to order and we accept 

payment by Btc, xmrâ€¦ https://t.co/rze2tGryH4",2022-02-13 10:39:38+00:00,2358,"Los Angeles, CA"
1492810685151019012,manish,"$BTC hold my beer alt coins said bitcoin, watch this ğŸ’Ÿ",2022-02-13 10:39:37+00:00,7,
1492810672303861761,RugDoctor Posse,"Yesterday someone set up a BTC wallet for the first time and bought 44,612 BTC ($1.8 Billion)â€¦ https://t.co/CzB0qZbL4G",2022-02-13 10:39:34+00:00,12396,https://t.co/70QLjI6ghz
1492810662787129346,WallstreetJhonnyDipz,$btc 5min chart ğŸ‘€ https://t.co/WgADB8zZYX,2022-02-13 10:39:31+00:00,522,
1492810633322061825,"Mike KIBA to 0,001$",Look at this beauty $KIBA from @KibaInuWorld one of the best and most bullish charts on @PancakeSwap imo. Primed foâ€¦ https://t.co/HB1TNGjAnl,2022-02-13 10:39:24+00:00,571,
1492810628431552519,ExchangeWhalesğŸ‹,"ğŸš€ğŸš€ğŸš€ $2,450,053 BTCUSDT LONGED @$42,600.00 on #Binance (10:39:23 UTC) #BTC #cryptocurrency",2022-02-13 10:39:23+00:00,2066,
1492810627920072714,BTC Market AlertğŸš¨,"ğŸ‹ğŸ“‰ã€Sellã€‘ BTCUSDT
Qtyï¼š$2,450,053ï¼ˆ57.5 BTCï¼‰ğŸ³ğŸ³ğŸ³ğŸ³
Priceï¼š$42,600
[10:39:23 UTC] on Binance Futures",2022-02-13 10:39:23+00:00,27504,
1492810561943482369,JOHNSILVER,"BTC 4 hourly could easy see 40 k , thats 5% ish  away ..this is the level im watching atm , looking for a higher loâ€¦ https://t.co/OtXJhaGTWG",2022-02-13 10:39:07+00:00,3684,Sweden  ..the frozen North .
1492810551168167936,MoneyHero.io,"Wow great news #btc #uber 

Would you pay with it already? ğŸ’¸ https://t.co/oOesudWpUs",2022-02-13 10:39:05+00:00,1585,Planet Earth
1492810534407839744,Crypto Volume Analyzer,#Binance PUMP ALERT: $UNFI / $BTC volume has increased by 59.13% in the past minute. Price is up 0.33%.,2022-02-13 10:39:01+00:00,6194,
1492810532054867973,Crypto Flow,"#BITCOIN #BTC impulse bar 42559.58 - 42661.45

$BTC Bar close 42655.13

#Crypto short term volatility detection",2022-02-13 10:39:00+00:00,212,
1492810530532343811,AirdropME,"ğŸ†•New Airdrop: Hero Power ğŸ†•

âœ”ï¸ Reward: 24 Million $HRP
âœ”ï¸ End Date: 24th February, 2022

 ğŸª‚ Airdrop Link:â€¦ https://t.co/5l4st5BLsX",2022-02-13 10:39:00+00:00,200,
1492810463779897347,storewire,"reddit ğŸ¤–: Yesterday someone set up a BTC wallet for the first time and bought 44,612 BTC ($1.8 Billion)â€¦ https://t.co/I50PzWC8XR",2022-02-13 10:38:44+00:00,2282,http://t.me/thestorecloud
1492810461271805957,ExchangeWhalesğŸ‹,"ğŸ”»ğŸ”»ğŸ”» $1,734,033 BTCUSDT SHORTED @$42,600.00 on #Binance (10:38:43 UTC) #BTC #cryptocurrency",2022-02-13 10:38:43+00:00,2066,
1492810461112320006,ExchangeWhalesğŸ‹,"ğŸ”»ğŸ”»ğŸ”» $1,355,782 BTCUSDT SHORTED @$42,599.83 on #Binance (10:38:43 UTC) #BTC #cryptocurrency",2022-02-13 10:38:43+00:00,2066,
1492810460680560643,BTC Market AlertğŸš¨,"ğŸ‹ğŸ“ˆã€Buyã€‘ BTCUSDT
Qtyï¼š$1,734,033ï¼ˆ40.7 BTCï¼‰ğŸ³ğŸ³ğŸ³
Priceï¼š$42,600
[10:38:43 UTC] on Binance Futures",2022-02-13 10:38:43+00:00,27504,
1492810460550160384,BTC Market AlertğŸš¨,"ğŸ‹ğŸ“ˆã€Buyã€‘ BTCUSDT
Qtyï¼š$1,355,782ï¼ˆ31.8 BTCï¼‰ğŸ³ğŸ³
Priceï¼š$42,599.83
[10:38:43 UTC] on Binance Futures",2022-02-13 10:38:43+00:00,27504,
1492810446302236672,Yovannis HernÃ¡ndez Estrada,"This amazing faucet from @_bitcoiner is making me tweet this to claim my free Lightning sats. âš¡

@boltcoiner unlockâ€¦ https://t.co/s2pyLAHkSR",2022-02-13 10:38:40+00:00,10,
1492810445094281218,gArila Crypto,"#Bitcoin According to Santiment, with another series of sharp drops, the number of BTC stored on exchanges has sharâ€¦ https://t.co/ZecAC5Op0g",2022-02-13 10:38:39+00:00,14,
1492810410499710979,Capitan,"$BTC Price: $42633
$ETH Price: $2936
$LTC Price: $126

Next update in 10 minutes
Last updated: 5:38:28.00",2022-02-13 10:38:31+00:00,1730,
1492810398080409602,ğŸ”ª PROF CHEN ğŸ‘¨â€ğŸ«$,"I just bought my robot 
@GenerousRobots 

#NFTGiveaway #nft #SolanaNFTs #Solana #BTC #Cryptos https://t.co/lpvYPoj3Gm",2022-02-13 10:38:28+00:00,61,The moon
1492810395392053252,nguyen long thuan,"Trending on #LunarCrush:

""XRP and One Low-Cap Altcoin Gearing Up for Rallies As Bitcoin (BTC) Pulls Back: Top Crypâ€¦ https://t.co/GKSJUIIT06",2022-02-13 10:38:27+00:00,200,viet nam
1492810343390793730,Astro Whale,"ğŸ”´ Binance BTCUSDT - 37.33 $BTC valued at $1,590,336",2022-02-13 10:38:15+00:00,497,Floating Around Space
1492810342132506625,BEARWHALE ğŸ³,"ğŸ» BEARWHALE! just SOLD $1,590,336 worth of #Bitcoin #BTC at $42,600 on #Binance Spot Market",2022-02-13 10:38:15+00:00,3492,Worldwide
1492810307139686403,JS,Oooo.. $BTC pumping,2022-02-13 10:38:06+00:00,85,
1492810293176590340,Crazy Tacos,"We would like to kindly remind everyone that we are having 3 WL spots giveaway rn. 

Why should you care? 
1. WL giâ€¦ https://t.co/srHvw0XUbf",2022-02-13 10:38:03+00:00,103,Kentaco
1492810268677660672,David Chika Okocha,"FIDELIS, the first cryptocurrency for Loyalty Programs! By consuming products and using services, you will earn FDLâ€¦ https://t.co/8ML0w6fDdG",2022-02-13 10:37:57+00:00,10329,Spain
1492810265292775426,Aashutosh Pandey,"I am claiming my free Lightning sats from @_bitcoiner's amazing faucet! âš¡

@boltcoiner unlock me 6211bc73-7ee5-4413â€¦ https://t.co/3PRoiTz2OQ",2022-02-13 10:37:56+00:00,50,
1492810264097525763,FTX Rekt,"Hourly price Update ğŸ—£:
Bitcoin $BTC: 42410 $USDT
Ethereum $ETH: 2922.3 $USDT",2022-02-13 10:37:56+00:00,1232,"Rekt land, California"
1492810186653843460,Risk On,"#BTC $BTC interesting week for Bitcoin , the last weekly bar shows massive selling pressure after recovering from tâ€¦ https://t.co/o0BeqjVu7D",2022-02-13 10:37:38+00:00,360,London
1492810148791787524,Bitcoin BotğŸ¤–,Current #Bitcoin Price is $42465 #BTC #Crypto,2022-02-13 10:37:29+00:00,577,server
1492810139686084612,muzeta,Canada ğŸ Set To Become Crypto Power House With The Introduction Of A New Cryptocurrency Bill â‹† ZyCrypto  This is grâ€¦ https://t.co/GKpF3R1gPo,2022-02-13 10:37:27+00:00,240,muzeta
1492810124330557441,Aashutosh Pandey,"I am claiming my free Lightning sats from @_bitcoiner's amazing faucet! âš¡

@boltcoiner unlock me 5cd6f63c-048f-49b6â€¦ https://t.co/fkFWHtxcKE",2022-02-13 10:37:23+00:00,50,
1492810096531116038,Ratan Roy,"$BTC $ETH $DOGE $ont EARNED 100K WITHIN A YEAR AFTER JOINING CT.THEIR LESSONS, ALERTS, CALL HELP ME A LOT THANKS TOâ€¦ https://t.co/WEgedEtzC2",2022-02-13 10:37:16+00:00,111,
1492810049013616642,Jcs3001,Iâ€™m DOGEDASH addicted â¤ï¸ #DogeDash #Crypto #NBA #Lakers @SnoopDogg #btcÂ Â Â  #ETH #BSC #BinanceÂ Â Â  #NFTs #Teslaâ€¦ https://t.co/xtceJrzpO8,2022-02-13 10:37:05+00:00,39,"PÃ³voa de Varzim, Portugal"
1492810034031607809,BitcoinGraph,[BTCUSDT - WEEK] #BTC #BTCUSDT #BINANCE #BTCUSD #CRYPTO #BITFINEX #BITCOINGRAPHIC #OKEX #ETH #ETHEREUM #ETHUSDTâ€¦ https://t.co/LgN6hSL6Yp,2022-02-13 10:37:01+00:00,741,m/44
1492810031615545344,yowie_bot,"#BTC â¬†ï¸ï¸ 0.63% to AUD$ 59,805

RSI 3: ğŸ˜Ÿ Oversold
RSI 14: ğŸ‚ Bullish

Trajectory:
$59,273 in 3 days
$59,887 in 14 dayâ€¦ https://t.co/H3U9gFjNOG",2022-02-13 10:37:01+00:00,238,In the land downunder
1492810008840613888,BITCOIN KOREA | NFT | DEFI,"â€œWe believe that #cryptocurrencies are viable investments today, even though they remain in the early stages of theâ€¦ https://t.co/NvkRYkllgy",2022-02-13 10:36:55+00:00,4257,WorldWide
1492810007603290113,Bifrost Crypto,"Last prices updates: 

#BTC: $42,416.637 0.08% ğŸ’š
#ETH: $2,922.187 -0.09% ğŸ’”
#USDT: $1.001 -0.01% ğŸ’”
#BNB: $402.804 -0â€¦ https://t.co/e6wEIMlvY9",2022-02-13 10:36:55+00:00,19,"SÃ£o Paulo, Brazil"
1492809985180549122,â¬† Project Quality Bulls â¬†,"Did you watch $BTC and #BAYC send it without taking action?
@theothersideNFT public sale finished yesterday, and flâ€¦ https://t.co/Zn57nDmDlG",2022-02-13 10:36:50+00:00,85,England
1492809974661193729,cryptogunslinger,"#btc is going to
WHO THE FUCK CARES
#cryptogunslinger

#BTC",2022-02-13 10:36:47+00:00,379,
1492809966998196227,TheBitcoinProphetğŸ‘¸,"So Where is #BTC headed? Seems obvious to me.
#Bitcoin #DayTrading #BullRun https://t.co/M2llolNvsw",2022-02-13 10:36:45+00:00,19,
1492809942356697088,ExchangeWhalesğŸ‹,"ğŸš€ğŸš€ğŸš€ $2,919,102 BTCUSDT LONGED @$42,555.00 on #Binance (10:36:39 UTC) #BTC #cryptocurrency",2022-02-13 10:36:39+00:00,2066,
1492809941853536258,BTC Market AlertğŸš¨,"ğŸ‹ğŸ“‰ã€Sellã€‘ BTCUSDT
Qtyï¼š$2,919,102ï¼ˆ68.5 BTCï¼‰ğŸ³ğŸ³ğŸ³ğŸ³ğŸ³
Priceï¼š$42,555
[10:36:39 UTC] on Binance Futures",2022-02-13 10:36:39+00:00,27504,
1492809938938503171,BTCæƒ…å ±ã‚¢ãƒ©ãƒ¼ãƒˆğŸ“Š,"#BTC Derivs Sheet (Tweet every 15 min.)
CME Delayed (10 min)
GS Delayed (15 min) and OI = SHARES OUT https://t.co/xjTkqrLAIK",2022-02-13 10:36:39+00:00,38288,Japan
1492809937017524225,Popi Fitria,"Trending on #LunarCrush:

""Crypto Suddenly Braced For A Huge $10 Trillion Earthquake As Extreme Volatility Hits Theâ€¦ https://t.co/PErBm9fC53",2022-02-13 10:36:38+00:00,13,
1492809911771832320,ğŸ‘½ğŸ›¸ğŸ§ Crypto News--FOLLOW MEğŸ›¸ğŸ‘½ğŸ§,"â° Top past 1h performers in *MIDCAP* (coins b/w 101&amp;200 by mktcap): 
1st: $SKL 3.3%âš¡  
2nd: $IMX 0.8%âš¡  
3nd: $WAXPâ€¦ https://t.co/kSHI200Pcr",2022-02-13 10:36:32+00:00,1759,"Roswell, New Mexico"
1492809901881581576,CryptoMask,Sam and Jack candle #bitcoin #BTC https://t.co/AeCh6QdPsd,2022-02-13 10:36:30+00:00,140,
1492809898627051522,Colour My World,$SPY $BTC Putin wonâ€™t do shit ğŸ˜ƒ,2022-02-13 10:36:29+00:00,5,AngelHacks Toronto
1492809872479756290,Ratan Roy,"$BTC $ETH $DOGE $lotx EARNED 100K WITHIN A YEAR AFTER JOINING CT.THEIR LESSONS, ALERTS, CALL HELP ME A LOT THANKS Tâ€¦ https://t.co/nwF6uPnOwi",2022-02-13 10:36:23+00:00,111,
1492809854041395205,AK-47 Crypto,"The $ETH price is at $2,926.09 right now.
ğŸŸ¢ Compared to the last tweet, the price has increased by $7.6 (0.26%).
ğŸŸ¢â€¦ https://t.co/pOId39QL35",2022-02-13 10:36:18+00:00,411,
1492809852745392131,Dr Moonshowâš¡ï¸,"Fear and Greed index - Fear 44
#Bitcoin  Price: $42,596
$BTC #Crypto #cryptocurrency #BTCUSD  #BTC https://t.co/MhJaa2QpBa",2022-02-13 10:36:18+00:00,141,
1492809849104654337,"Ê€á´€á´…á´€Ê€ (ğŸ¥·,ğŸ¥·)","Friendly reminder if you hold 1,000 $BTC only, you will become a billionaire.",2022-02-13 10:36:17+00:00,137219,
1492809778548068355,Crypto Flow,"#BITCOIN #BTC impulse bar 42399.59 - 42644.07

$BTC Bar close 42612.37

#Crypto short term volatility detection",2022-02-13 10:36:00+00:00,212,
1492809772588224513,Dayana Sunny,$BTC buy it up ğŸ˜âœ…ğŸš€ âš¡,2022-02-13 10:35:59+00:00,13,ğŸ‡ºğŸ‡¸
1492809756528226304,Ratan Roy,"$BTC $ETH $DOGE $eth EARNED 100K WITHIN A YEAR AFTER JOINING CT.THEIR LESSONS, ALERTS, CALL HELP ME A LOT THANKS TOâ€¦ https://t.co/p8D3UIi6Hu",2022-02-13 10:35:55+00:00,111,
1492809660512063489,Justin,This is some of the most aggressive bidding I've ever seen on $BTC. Not to mention it's in accordance with the mid-â€¦ https://t.co/hNOQbKh5AX,2022-02-13 10:35:32+00:00,17,
1492809654119940096,Scofield,$BTC Give me a big bounce here https://t.co/jCEDhC9UEF,2022-02-13 10:35:31+00:00,47882,
1492809648893992961,Cchanzia,"A great project that is strong and a good known team, which definitely inspires confidence. dex trust is great wayâ€¦ https://t.co/4cIDJfDxtG",2022-02-13 10:35:30+00:00,432,
1492809647769763842,Signals @ Exponential Trading,"ğŸš¨ğŸš¨ğŸš¨ğŸš¨ğŸš¨ğŸš¨ğŸš¨ğŸš¨ğŸš¨ğŸš¨ğŸš¨ğŸš¨ğŸš¨[Volume alert ]  #Bitstamp $BTCEUR: 10.05042968 $BTC traded at vwap: 37,565.640 in the last 10 secondsâ€¦ https://t.co/JAlvCsILPx",2022-02-13 10:35:29+00:00,834,
1492809635350577160,Fadillah Hanum,I suggest you learn all the details about a unique project in Whitepaper. Carefully read the document and you willâ€¦ https://t.co/utbSuzKwwf,2022-02-13 10:35:26+00:00,436,
1492809631554490369,Aztec Gold HeroğŸŒŠ (1 â 2),All of #altcoins ceo's couldn't be like @bgarlinghouse . this guy said fck off to #fed and #sec but all altcoin teaâ€¦ https://t.co/IHiUThv7Gj,2022-02-13 10:35:25+00:00,33555,TÃ¼rkiye
1492809619454185472,Widtz Aprilia,#coinsale is decentralized IDO platform. Coinsale is a strong solution partner for cryptocurrency projects to sellâ€¦ https://t.co/1jy0OVKSxZ,2022-02-13 10:35:22+00:00,321,
1492809615838429186,Signals @ Exponential Trading,"ğŸš¨ğŸš¨[Volume alert ]  #Bitflyer $FX_BTC_JPY: 14.48773027 $BTC traded at vwap: 4,958,066.85 in the last 10 seconds whicâ€¦ https://t.co/bLAB4YbHH8",2022-02-13 10:35:22+00:00,834,
1492809614211133443,Signals @ Exponential Trading,"ğŸš¨[Volume alert ]  #Bitflyer $BTC_JPY: 6.12073981 $BTC traded at vwap: 4,921,585.59 in the last 10 seconds which isâ€¦ https://t.co/Fx1GgAoQuq",2022-02-13 10:35:21+00:00,834,
1492809612713676805,Signals @ Exponential Trading,"[Volume alert ]  #Gate-Io-Futures $BTC_USDT: 394,274.0 $BTC traded at vwap: 42,541.02 in the last 10 seconds whichâ€¦ https://t.co/qJqACYG6Os",2022-02-13 10:35:21+00:00,834,
1492809611161784321,Signals @ Exponential Trading,"ğŸš¨ğŸš¨ğŸš¨ğŸš¨[Volume alert ]  #Binance Futures $BTCBUSD: 60.859 $BTC traded at vwap: 42,591.29 in the last 10 seconds whichâ€¦ https://t.co/sMghRcjf3z",2022-02-13 10:35:21+00:00,834,
1492809607986794497,Signals @ Exponential Trading,"ğŸš¨ğŸš¨ğŸš¨ğŸš¨ğŸš¨ğŸš¨[Volume alert ]  #Binance Futures $BTCUSDT: 760.002 $BTC traded at vwap: 42,565.694 in the last 10 seconds whâ€¦ https://t.co/v8nWQYbUIR",2022-02-13 10:35:20+00:00,834,
1492809607277912072,Lucy Robson,"Staying at #Jurmalagolf for the weekend, I look forward to the boutique hotel situated next to the Nicklaus Designâ€¦ https://t.co/fZA4wGUeAw",2022-02-13 10:35:20+00:00,240,
1492809582041001985,Ratan Roy,"$BTC $ETH $DOGE $avax EARNED 100K WITHIN A YEAR AFTER JOINING CT.THEIR LESSONS, ALERTS, CALL HELP ME A LOT THANKS Tâ€¦ https://t.co/eZNSnZVkHY",2022-02-13 10:35:14+00:00,111,
1492809574491033605,ExchangeWhalesğŸ‹,"ğŸ”»ğŸ”»ğŸ”» $1,453,980 BTCUSDT SHORTED @$42,600.00 on #Binance (10:35:12 UTC) #BTC #cryptocurrency",2022-02-13 10:35:12+00:00,2066,
1492809573564317700,BTC Market AlertğŸš¨,"ğŸ‹ğŸ“ˆã€Buyã€‘ BTCUSDT
Qtyï¼š$1,453,980ï¼ˆ34.1 BTCï¼‰ğŸ³ğŸ³
Priceï¼š$42,600
[10:35:11 UTC] on Binance Futures",2022-02-13 10:35:12+00:00,27504,
1492809570997129217,BEARWHALE ğŸ³,"ğŸ» BEARWHALE! just SHORTED $3,324,391 worth of #Bitcoin #BTC at $42,580 on #Binance Futures",2022-02-13 10:35:11+00:00,3492,Worldwide
1492809570930114560,Signals @ Exponential Trading,"[Volume alert ]  #Binance Futures $BTCBUSD: 36.721 $BTC traded at vwap: 42,492.12 in the last 10 seconds which is 1â€¦ https://t.co/s9p2hQRIyq",2022-02-13 10:35:11+00:00,834,
1492809570921631748,ExchangeWhalesğŸ‹,"ğŸ”»ğŸ”»ğŸ”» $3,324,390 BTCUSDT SHORTED @$42,580.00 on #Binance (10:35:11 UTC) #BTC #cryptocurrency",2022-02-13 10:35:11+00:00,2066,
1492809570049458178,BTC Market AlertğŸš¨,"ğŸ‹ğŸ“ˆã€Buyã€‘ BTCUSDT
Qtyï¼š$3,324,390ï¼ˆ78 BTCï¼‰ğŸ³ğŸ³ğŸ³ğŸ³ğŸ³ğŸ³
Priceï¼š$42,580
[10:35:10 UTC] on Binance Futures",2022-02-13 10:35:11+00:00,27504,
1492809569403297792,Signals @ Exponential Trading,"ğŸš¨ğŸš¨ğŸš¨[Volume alert ]  #Binance Futures $BTCUSDT: 469.620 $BTC traded at vwap: 42,504.243 in the last 10 seconds whichâ€¦ https://t.co/82uVKQ2zOa",2022-02-13 10:35:11+00:00,834,
1492809568379830273,Growfitter - Walk And Earn Cryptocurrency,"Youâ€™ll receive 13,080,000,000

IÂ´ll be giving  13,080,000,000 in $Shib Satoshi to the first 1500  people who followâ€¦ https://t.co/tNCzUXzKps",2022-02-13 10:35:10+00:00,17,
1492809566085595137,Signals @ Exponential Trading,"ğŸš¨ğŸš¨ğŸš¨ğŸš¨ğŸš¨ğŸš¨ğŸš¨[Volume alert ]  #Bybit $BTCUSDT: 259.811 $BTC traded at vwap: 42,501.50 in the last 10 seconds which is 19.â€¦ https://t.co/DfJklbsVbg",2022-02-13 10:35:10+00:00,834,
1492809566014242816,BTC Market AlertğŸš¨,"ğŸ‹ğŸ“ˆã€Buyã€‘ BTCUSDT
Qtyï¼š$1,015,285ï¼ˆ23.8 BTCï¼‰ğŸ³ğŸ³
Priceï¼š$42,550
[10:35:09 UTC] on Binance Futures",2022-02-13 10:35:10+00:00,27504,
1492809564747702274,ExchangeWhalesğŸ‹,"ğŸ”»ğŸ”»ğŸ”» $1,262,377 BTCUSDT SHORTED @$42,500.00 on #Binance (10:35:09 UTC) #BTC #cryptocurrency",2022-02-13 10:35:09+00:00,2066,
1492809564160671747,BTC Market AlertğŸš¨,"ğŸ‹ğŸ“ˆã€Buyã€‘ BTCUSDT
Qtyï¼š$1,262,377ï¼ˆ29.7 BTCï¼‰ğŸ³ğŸ³
Priceï¼š$42,500
[10:35:09 UTC] on Binance Futures",2022-02-13 10:35:09+00:00,27504,
1492809523756687362,Cryptocurrency prices (real-time),"Top 10 #Cryptocurrency Live Prices: 
(05:35 AM . Feb 13,2022)

#BTC $42370.89
#ETH $2919.35
#BNB $402.36
#DOGE $0.1â€¦ https://t.co/lmcrB5fzWo",2022-02-13 10:35:00+00:00,762,
1492809520560680963,.ahsaan/ ğŸ¤,"Web2 is like Earth and #web3 is like the SUN.
Calculate the possibilities.

#Crypto #BTC #ETH #Solana #icp #Atom #dweb",2022-02-13 10:34:59+00:00,1099,"Lahore, Pakistan"
1492809520229269504,storewire,"reddit ğŸ¤–: BTC, ETH, SOL, DOGE - Event Now Active - Double your CRYPTO https://t.co/yxwQdGshX1",2022-02-13 10:34:59+00:00,2282,http://t.me/thestorecloud
1492809506736193538,Bitcoin updates,"The $BTC price is at $42,462.16 right now.
ğŸŸ¢ Compared to the last tweet, the price has increased by $128.93 (0.30%)â€¦ https://t.co/KUzguK6ru7",2022-02-13 10:34:56+00:00,4453,
1492809505578668032,Signals @ Exponential Trading,"ğŸš¨ğŸš¨ğŸš¨ğŸš¨ğŸš¨ğŸš¨ğŸš¨ğŸš¨ğŸš¨ğŸš¨[Volume alert ]  #Delta $BTCUSDT: 17,138.0 $BTC traded at vwap: 42,458.87 in the last 10 seconds which isâ€¦ https://t.co/W6yPUckS2e",2022-02-13 10:34:55+00:00,834,
1492809453657542659,Ratan Roy,"$BTC $ETH $DOGE EARNED 100K WITHIN A YEAR AFTER JOINING CT.THEIR LESSONS, ALERTS, CALL HELP ME A LOT THANKS TO CT.â€¦ https://t.co/Wo1Wu6mrRf",2022-02-13 10:34:43+00:00,111,
1492809438637740032,Zacrian,"The weekly WICK is CRAZYğŸ˜±ğŸ˜±..

People are getting out of crypto to get cash??

#BTC #Binance #BSC #ETH #Solana #SOLâ€¦ https://t.co/KmpnYqv6tx",2022-02-13 10:34:39+00:00,18,
1492809438172168204,ğŸŸ¢Abena,"ğŸ•‘2 days to go, join the #Giveaway campaign and get credited.
#Airdrop #BTC #USDtether https://t.co/jZ6tLra0xt",2022-02-13 10:34:39+00:00,703,Home
1492809427472236544,CryptoDoms ğŸ‘»,"â€œWe believe that #cryptocurrencies are viable investments today, even though they remain in the early stages of theâ€¦ https://t.co/ac0UwsR5Mz",2022-02-13 10:34:37+00:00,337,
1492809399378845699,Abbas Azimzadeh,#BTC Bump and run reversal pattern https://t.co/gxsOcsCekz,2022-02-13 10:34:30+00:00,17,
1492809399248818182,êœ±á´›ÉªÊŸÊŸêœ°ÊŸá´á´¡êœ±,"ğ”¸â„ğ•‹ ğ”¹ğ• ğ•Šğ•‹ğ•€ğ•ƒğ•ƒğ”½ğ•ƒğ•†ğ•ğ•Š

Retro Culture #02

https://t.co/qC5E6tD5bG

#BTC #ETH #NFTProject #DeFi #Metaverse #OpenSeaNFTâ€¦ https://t.co/netCt4wsoS",2022-02-13 10:34:30+00:00,749,"Miami, FL"
1492809380621955072,Ratan Roy,"$BTC $ETH $DOGE $gala EARNED 100K WITHIN A YEAR AFTER JOINING CT.THEIR LESSONS, ALERTS, CALL HELP ME A LOT THANKS Tâ€¦ https://t.co/NvjDdugQZX",2022-02-13 10:34:26+00:00,111,
1492809373697343489,Economy Portals,"Details: https://t.co/Szf5UfHH0n

The network hash rateğŸ’± jumped 31.69% in one day, further ensuringğŸ” resilience agaâ€¦ https://t.co/B6NnPioQWf",2022-02-13 10:34:24+00:00,17,
1492809363395792898,tyy,"On January 12th 2009, Hal was the recipient of the first BTC transaction (10 BTC from Satoshi)

He predicted $10M/Bâ€¦ https://t.co/Aw5iTZyxPT",2022-02-13 10:34:21+00:00,50132,
1492809362917806080,ExchangeWhalesğŸ‹,"ğŸ”»ğŸ”»ğŸ”» $1,083,400 BTCUSD SHORTED @$42,470.9 on #Binance (10:34:21 UTC) #BTC #cryptocurrency",2022-02-13 10:34:21+00:00,2066,
1492809315291484160,Signals @ Exponential Trading,"ğŸš¨ğŸš¨ğŸš¨[Volume alert ]  #Bitflyer $FX_BTC_JPY: 12.81785458 $BTC traded at vwap: 4,947,385.55 in the last 10 seconds whiâ€¦ https://t.co/ITyNmvEjH5",2022-02-13 10:34:10+00:00,834,
1492809284559769601,ExchangeWhalesğŸ‹,"ğŸ”»ğŸ”»ğŸ”» $1,261,189 BTCUSDT SHORTED @$42,450.00 on #Binance (10:34:03 UTC) #BTC #cryptocurrency",2022-02-13 10:34:03+00:00,2066,
1492809284060839936,BTC Market AlertğŸš¨,"ğŸ‹ğŸ“ˆã€Buyã€‘ BTCUSDT
Qtyï¼š$1,261,189ï¼ˆ29.7 BTCï¼‰ğŸ³ğŸ³
Priceï¼š$42,450
[10:34:02 UTC] on Binance Futures",2022-02-13 10:34:03+00:00,27504,
1492809268738736131,MONOX,$BTC $DOGE DOGE wake ğŸ“¢,2022-02-13 10:33:59+00:00,8,South Africa
1492809264297316352,Ratan Roy,"$BTC $ETH $DOGE $dydx EARNED 100K WITHIN A YEAR AFTER JOINING CT.THEIR LESSONS, ALERTS, CALL HELP ME A LOT THANKS Tâ€¦ https://t.co/3drTCT7lQC",2022-02-13 10:33:58+00:00,111,
1492809244592119811,Sandeepkumar,"Very active support as well as concept of this project is amazing.this is nice project and good project

#11MINUTESâ€¦ https://t.co/c1ev5j9lOt",2022-02-13 10:33:53+00:00,775,
1492809225474650116,MarketCharts,"#BTCBUSD - New Technical Analysis 

Chart on TradingView https://t.co/ecR28JQAUJ $BTC $ETH #Bitcoin #CryptoCurrencyâ€¦ https://t.co/8EZIvD5NzS",2022-02-13 10:33:49+00:00,1907,TradingView
1492809223696232448,IC,The superbowl dump on $BTC is gonna hurt,2022-02-13 10:33:48+00:00,243,"London, England"
1492809218352889859,Dodi bkau,"I am claiming my free Lightning sats from @_bitcoiner's amazing faucet! âš¡

@boltcoiner unlock me ac5f59a7-910d-4a8fâ€¦ https://t.co/0DZtYlHWEC",2022-02-13 10:33:47+00:00,21,
1492809216322519041,BTC Market AlertğŸš¨,"ğŸ‹ğŸ“ˆã€Buyã€‘ BTC-PERP
Qtyï¼š$1,161,409ï¼ˆ27.3 BTCï¼‰ğŸ³ğŸ³
Priceï¼š$42,445
[10:33:46 UTC] on FTX",2022-02-13 10:33:46+00:00,27504,
1492809209095802880,Inguss,ğŸ’¸ Earn free #BTC and multiply crypto up to 15% monthly with @betfury BOXes ğŸ“¦ Enjoy the easy way to get cryptocurrenâ€¦ https://t.co/L8lmqbnH3Q,2022-02-13 10:33:45+00:00,0,
1492809192385789953,Everything crypto,"ğŸ“¢The New Metaverse With Land and Monuments: Next Earth

ğŸ“‹ Curated post from Publish0x
ğŸ’ Read or write articles andâ€¦ https://t.co/jkAAdfL64X",2022-02-13 10:33:41+00:00,483,
1492809157581295617,CryptoCoinFabriek,#Altcoins #Bitcoin #RippleandXRP #altcoins XRP and One Low-Cap Altcoin Gearing Up for Rallies As Bitcoin (BTC) Pullâ€¦ https://t.co/srN9ndGlii,2022-02-13 10:33:32+00:00,31,
1492809157116047360,Ratan Roy,"$BTC $ETH $DOGE $ar EARNED 100K WITHIN A YEAR AFTER JOINING CT.THEIR LESSONS, ALERTS, CALL HELP ME A LOT THANKS TOâ€¦ https://t.co/eYmaNFSqMu",2022-02-13 10:33:32+00:00,111,
1492809154288885760,VIPERZâ„¢,Let me be clear with this $XRP and $ICP will X10 both this year while eth and btc are done and keep losing dominancâ€¦ https://t.co/B2seZHLA7m,2022-02-13 10:33:32+00:00,72,
1492809111976792070,Fadi,"A series to watch
 
#Netflix #Crypto #BTC #Documentary https://t.co/jf8JIB7U5i",2022-02-13 10:33:22+00:00,317,Lebanon
1492809097678581761,BTC Market AlertğŸš¨,"ğŸ‹ğŸ“ˆã€Buyã€‘ BTC-PERP
Qtyï¼š$2,035,717ï¼ˆ47.9 BTCï¼‰ğŸ³ğŸ³ğŸ³ğŸ³
Priceï¼š$42,419
[10:33:18 UTC] on FTX",2022-02-13 10:33:18+00:00,27504,
1492809094050324481,DYOR.net,"[Scan results - #KuCoin - 15m]

Top 5 bullish trend on #BTC pair
1: $PAXG
2: $AMPL
3: $BEPRO
4: $KLAY
5: $BUY

Topâ€¦ https://t.co/jzJlfCJNwM",2022-02-13 10:33:17+00:00,96018,Internet
1492809064627113984,Marko Omcryptokus,#CRYPTOCURRENCIES are mooning! With https://t.co/Zx21aDT83b you can FIND where CRYPTOCURRENCIES are moving before oâ€¦ https://t.co/F4yVQeDWhg,2022-02-13 10:33:10+00:00,398,"Sydney, Australia"
1492809063344017409,Ratan Roy,"$BTC $ETH $DOGE $slp EARNED 100K WITHIN A YEAR AFTER JOINING CT.THEIR LESSONS, ALERTS, CALL HELP ME A LOT THANKS TOâ€¦ https://t.co/m2f93E4Rk7",2022-02-13 10:33:10+00:00,111,
1492809061389291523,DYOR.net,"[Scan results - #Gateio - 15m]

Top 5 bullish trend on #BTC pair
1: $OAX
2: $BLY
3: $GT
4: $RENBTC
5: $GAS

Top 5 bâ€¦ https://t.co/2QDH201uyu",2022-02-13 10:33:09+00:00,96018,Internet
1492809041793495043,BOCVIP,"#Bitcoin AT CRUCIAL SUPPORT!  HUGE MOVE ...

https://t.co/EqiZ6ryPKm

#AltcoinNews #Altcoins #BitcoinAnalysisâ€¦ https://t.co/AcqyUrjZ39",2022-02-13 10:33:05+00:00,1557,
1492809041084661762,Bitcoin News,"â€œWe believe that #cryptocurrencies are viable investments today, even though they remain in the early stages of theâ€¦ https://t.co/3bEQ9P6eU5",2022-02-13 10:33:05+00:00,2373506,World Wide
1492809027029323777,BTC MACD indicator,"Super big chance in a billion!
$BTC Price: $ 42391.0 (2022/02/13 19:32:38)",2022-02-13 10:33:01+00:00,682,
1492809013825728518,nawan bkau,"I am claiming my free Lightning sats from @_bitcoiner's amazing faucet! âš¡

@boltcoiner unlock me 13b4e560-a062-4f47â€¦ https://t.co/CTMohOOvSi",2022-02-13 10:32:58+00:00,21,
1492808995513511936,recaptrader,"ğŸ–ï¸#Crypto Update Recaptrader #zondag 13 Februari.

#BTC #ETH #ADA #BNB #FTM $RNDR #RNDR #ATOM #inflatie #renteâ€¦ https://t.co/UK9reVCvx4",2022-02-13 10:32:54+00:00,2131,Netherlands
1492808992388796417,Malik Nadeem,"I am claiming my free Lightning sats from @_bitcoiner's amazing faucet! âš¡

@boltcoiner unlock me 5c4b41e9-e377-4558â€¦ https://t.co/jFjVM7fRM5",2022-02-13 10:32:53+00:00,2,
1492808977163423744,ExchangeWhalesğŸ‹,"ğŸ”»ğŸ”»ğŸ”» $1,106,873 BTCUSDT SHORTED @$42,370.00 on #Binance (10:32:49 UTC) #BTC #cryptocurrency",2022-02-13 10:32:49+00:00,2066,
1492808976723251200,BTC Market AlertğŸš¨,"ğŸ‹ğŸ“ˆã€Buyã€‘ BTCUSDT
Qtyï¼š$1,106,873ï¼ˆ26.1 BTCï¼‰ğŸ³ğŸ³
Priceï¼š$42,370
[10:32:49 UTC] on Binance Futures",2022-02-13 10:32:49+00:00,27504,
1492808975619874817,DYOR.net,"[Scan results - #Binance - 15m]

Top 5 bullish trend on #BTC pair
1: $TORN
2: $OAX
3: $WAXP
4: $KLAY
5: $ICX

Top 5â€¦ https://t.co/FrXaxQkkNG",2022-02-13 10:32:49+00:00,96018,Internet
1492808973094985729,Maverick,#Bitcoin So let me get this right the Pleb CT Gurus have been quietly shorting all weekend and we are still holdingâ€¦ https://t.co/mUXqmDZWpy,2022-02-13 10:32:48+00:00,121,
1492808930346795008,ExchangeWhalesğŸ‹,"ğŸš€ğŸš€ğŸš€ $1,502,763 BTCUSDT LONGED @$42,360.00 on #Binance (10:32:38 UTC) #BTC #cryptocurrency",2022-02-13 10:32:38+00:00,2066,
1492808929864450048,BTC Market AlertğŸš¨,"ğŸ‹ğŸ“‰ã€Sellã€‘ BTCUSDT
Qtyï¼š$1,502,763ï¼ˆ35.4 BTCï¼‰ğŸ³ğŸ³ğŸ³
Priceï¼š$42,360
[10:32:38 UTC] on Binance Futures",2022-02-13 10:32:38+00:00,27504,
1492808905319063553,Aslam Patel,"I am claiming my free Lightning sats from @_bitcoiner's amazing faucet! âš¡

@boltcoiner unlock me 1cdaf5c1-b04a-4b7aâ€¦ https://t.co/YcZhAIdKrK",2022-02-13 10:32:32+00:00,214,
1492808896783785985,urches,"BTC need to regain 42670, if it doesn't next support range is around 41390 - 40592 https://t.co/Jwc03gsW18",2022-02-13 10:32:30+00:00,123,
1492808891440447489,Ratan Roy,"$BTC $ETH $DOGE $keep EARNED 100K WITHIN A YEAR AFTER JOINING CT.THEIR LESSONS, ALERTS, CALL HELP ME A LOT THANKS Tâ€¦ https://t.co/lfzNpwbTie",2022-02-13 10:32:29+00:00,111,
1492808879561924608,Crazy Tacos,"Gm world!

In our discord, we are choosing a game to play for the next competition where you will be able to win soâ€¦ https://t.co/9hjChXzp2G",2022-02-13 10:32:26+00:00,103,Kentaco
1492808878836301827,Bitcoin Profit / News,#Bitcoin #BTC #Higher #Price #Propel #Stays #Stocks #toward42K Bitcoin stays higher after stocks propel BTC price tâ€¦ https://t.co/MTL6lFn3pL,2022-02-13 10:32:26+00:00,868,United Kingdom
1492808865653706754,ExchangeWhalesğŸ‹,"ğŸ”»ğŸ”»ğŸ”» $1,754,560 BTCUSDT SHORTED @$42,350.00 on #Binance (10:32:23 UTC) #BTC #cryptocurrency",2022-02-13 10:32:23+00:00,2066,
1492808865200545792,BTC Market AlertğŸš¨,"ğŸ‹ğŸ“ˆã€Buyã€‘ BTCUSDT
Qtyï¼š$1,754,560ï¼ˆ41.4 BTCï¼‰ğŸ³ğŸ³ğŸ³
Priceï¼š$42,350
[10:32:23 UTC] on Binance Futures",2022-02-13 10:32:23+00:00,27504,
1492808861815906305,ExchangeWhalesğŸ‹,"ğŸ”»ğŸ”»ğŸ”» $1,758,372 BTCUSDT SHORTED @$42,350.00 on #Binance (10:32:22 UTC) #BTC #cryptocurrency",2022-02-13 10:32:22+00:00,2066,
1492808861757100040,ExchangeWhalesğŸ‹,"ğŸ”»ğŸ”»ğŸ”» $1,316,403 BTCUSDT SHORTED @$42,349.86 on #Binance (10:32:22 UTC) #BTC #cryptocurrency",2022-02-13 10:32:22+00:00,2066,
1492808861325021186,BTC Market AlertğŸš¨,"ğŸ‹ğŸ“ˆã€Buyã€‘ BTCUSDT
Qtyï¼š$1,758,372ï¼ˆ41.5 BTCï¼‰ğŸ³ğŸ³ğŸ³
Priceï¼š$42,350
[10:32:22 UTC] on Binance Futures",2022-02-13 10:32:22+00:00,27504,
1492808861199519746,BTC Market AlertğŸš¨,"ğŸ‹ğŸ“ˆã€Buyã€‘ BTCUSDT
Qtyï¼š$1,316,403ï¼ˆ31 BTCï¼‰ğŸ³ğŸ³
Priceï¼š$42,349.86
[10:32:22 UTC] on Binance Futures",2022-02-13 10:32:22+00:00,27504,
1492808805654364160,crypto&NFT&Metaverse news,"cryptocurrency news.

Bitcoin, Ethereum, Crypto News and Price Data - Coindesk 

 https://t.co/zZlVZYVwev

#cryptoâ€¦ https://t.co/dg4u3EIRxx",2022-02-13 10:32:08+00:00,694,MOON
1492808804269887491,crypto&NFT&Metaverse news,"cryptocurrency news.

Divorcing Couples Fight Over the Kids, the House and Now the Crypto - The New York Timesâ€¦ https://t.co/mymGQjkcdG",2022-02-13 10:32:08+00:00,694,MOON
1492808770342486016,Ratan Roy,"$BTC $ETH $DOGE $mana EARNED 100K WITHIN A YEAR AFTER JOINING CT.THEIR LESSONS, ALERTS, CALL HELP ME A LOT THANKS Tâ€¦ https://t.co/DTOjpXGw7I",2022-02-13 10:32:00+00:00,111,
1492808763036028928,Crypto â‚¿aâ‚¿ağŸš€â‚¿ğŸš€âˆğŸš€ ğŸ‡®ğŸ‡³,"#BTCÂ  dominance: 41.2% (-0.4%)

#ETH dominance: 18.7% (+0.4%)

#ALTS dominance: 40.1% (+0%)

âœ…Updates in 24h
#SCN1â€¦ https://t.co/EAHzhV5TdA",2022-02-13 10:31:58+00:00,561,ğŸš€CryptosphereğŸš€
1492808740722331651,Pi Network JapanğŸ‡¯ğŸ‡µ,"#Pi #NFT is growing fast and strongğŸ‘

#PiNetwork #web3 #crypto #DeFi #NFT #BTCÂ Â  #ETN #XRP #ETH #BNBÂ #IOTAâ€¦ https://t.co/AKwcWLLp9O",2022-02-13 10:31:53+00:00,2,JAPAN æ—¥æœ¬
1492808724771188736,CRYPTâ€™OKAN ğŸ“ˆğŸ“‰,#BTC for me https://t.co/4Sp2VvTAnP,2022-02-13 10:31:49+00:00,711,France
1492808700301815808,herisyah bkw,"I am claiming my free Lightning sats from @_bitcoiner's amazing faucet! âš¡

@boltcoiner unlock me 89e7d739-b5dd-4728â€¦ https://t.co/q30t2Gxmfj",2022-02-13 10:31:43+00:00,22,
1492808695302004737,soxzz5.eth,"I used BTC in 2015 to buy some shitty pdf from onion website you know.

0.5BTC for a PDF lmao, best of it I don't care it was a good invest.",2022-02-13 10:31:42+00:00,16,Rozirus
1492808678348627972,SemineL,"With the FIDELIS Platform, the individual who participates in loyalty programs will have the opportunity to understâ€¦ https://t.co/i8WmhkDjdG",2022-02-13 10:31:38+00:00,3079,
1492808677572685824,sulaim,"ARE YOU NOT a member of PI Network?

THEN let me teach you how to make money with PI coins its 100% free to join ğŸ˜ŠğŸ’µâ€¦ https://t.co/0UvdA3YPn3",2022-02-13 10:31:38+00:00,11,Tamilnadu
1492808672334000136,ğŸ¦ˆ CryptoNewsShark ğŸ¦ˆ,"$XRP and One Low-Cap #Altcoin Gearing Up for Rallies As Bitcoin $BTC Pulls Back: Top #Crypto Analyst
https://t.co/Cyknk2FucB",2022-02-13 10:31:37+00:00,4356,
1492808664918503426,Crypto Price Prediction,"ğŸš¨ +5% profit of $OXT-USD in less than 10 minutes, and 29 seconds. CLICK https://t.co/JpraBqNbbH to find out the exaâ€¦ https://t.co/2fvkGFUwve",2022-02-13 10:31:35+00:00,5830,"West Hattiesburg, MS"
1492808613601198083,Nathan Morgenstern,imagine you are part of an amazing community and the NFT project will be featured with LeBron James during the commâ€¦ https://t.co/5ZCaIdvHrU,2022-02-13 10:31:23+00:00,1251,
1492808597893521411,The Code ğŸ›¡ï¸,"All We need is one year to see $VRA #VRA  trading above $1.

#BTC",2022-02-13 10:31:19+00:00,1627,UK
1492808577970491397,CryptoMi,Good Morning â˜€ï¸ğŸŒğŸ˜ƒâ˜•ï¸â˜•ï¸ #Crypto #cryptocurrencies #BTC #Bitcoin #NFTCommunity #NFT #Metaverse #trading https://t.co/9Rf8dakE0B,2022-02-13 10:31:14+00:00,101,
1492808575693070339,Sunay PaltacÄ±,"Bitcoin 3-month social activity:

Galaxy Scoreâ„¢ 69/100
AltRankâ„¢ 26/3,530
33,356,946 social mentions
130,911,781,854â€¦ https://t.co/q1g6lbvBZv",2022-02-13 10:31:14+00:00,4,turkiye
1492808559859408896,CryptoCharts,Thoughts on $BTC #Bitcoin! See george_searchingforanumber's idea on TradingView below. https://t.co/dQ8DZwIZo9,2022-02-13 10:31:10+00:00,2815,Trade here ğŸ‘‰
1492808554838900736,oz ata,$ach secound round started 0.16-0.23 than 0.6-1$ coming $btc +45k this week https://t.co/e7YgCLr6fl,2022-02-13 10:31:09+00:00,179,nearest pub
1492808534593056768,AnguSâ—L ğŸ¦Š ğŸ¢ ğŸ,Anyone trading $BTC with chart lines &amp; technicals when 150k troops on border of Ukraine and yields at 2% ngmi,2022-02-13 10:31:04+00:00,1769,UK
1492808530793234432,Ratan Roy,"$BTC $ETH $DOGE $shib EARNED 100K WITHIN A YEAR AFTER JOINING CT.THEIR LESSONS, ALERTS, CALL HELP ME A LOT THANKS Tâ€¦ https://t.co/cpF7RNIpvK",2022-02-13 10:31:03+00:00,111,
1492808522525986825,Crypto Desk,"Terra (LUNA) is a stablecoin intended to reduce the volatility endemic to cryptocurrencies like BTC.
Terraform Labsâ€¦ https://t.co/SFObDyXIcv",2022-02-13 10:31:01+00:00,39,"Dubai, UAE"
1492808511339778048,KOLR,Mr. Popsicle #122 0.002 ETH Check out my NFT listing on OpenSea! https://t.co/awQTPO9l3H via @opensea #mrpopsicleâ€¦ https://t.co/NdRKXxOpqG,2022-02-13 10:30:58+00:00,1336,
1492808499994185729,CryptoNewz,"Conservative Party MP Matt Hancock is considering buying
Bitcoin (BTC)   https://t.co/TRVSYt6zg3   #Bitcoin",2022-02-13 10:30:56+00:00,152,United States 
1492808492738035717,5Ksana,"Â«PEPEJUGGLINGÂ» via @CounterpartyXCP

Dankset https://t.co/8WEuxcd4e0

available here for btc:â€¦ https://t.co/9XadPRe20P",2022-02-13 10:30:54+00:00,1909,We are all Satoshi!ğŸ­
1492808476069933058,Fintwit Tracker (FINAP$E),"Trending Stocks on #fintwit: 

Source: https://t.co/cWJOwWSb0I 

1. $BTC ğŸ¥‡
2. $MRNA ğŸ¥ˆ
3. $DOGE ğŸ¥‰
4. $EDIT
5. $QQQ
6â€¦ https://t.co/MCsPhJnjjz",2022-02-13 10:30:50+00:00,7355,"Miami, FL"
1492808470009384960,Pi Network JapanğŸ‡¯ğŸ‡µ,"To be financial smart and freedom, start to mine Pi network. 
Step1 download pi app via https://t.co/eGNwPNUHAj
Steâ€¦ https://t.co/7CmTs5upBB",2022-02-13 10:30:48+00:00,2,JAPAN æ—¥æœ¬
1492808447611572235,Games Coins,"The $SLP from @AxieInfinity is now at $0.03223 
ğŸ“ˆ Is up 5.141% compare to 1 hour ago
ğŸ“ˆ and is up 189.516% compare tâ€¦ https://t.co/llq1XCyPwW",2022-02-13 10:30:43+00:00,93,
1492808440011530243,Andy Renals $ALGO $ADA $BTC Character Does Matter,Do you get #crypto yet? #BTC #algofam #ADA https://t.co/Y86eQ4arEY,2022-02-13 10:30:41+00:00,3716,A small island adjacent Europe
1492808439361605632,Ratan Roy,"$BTC $ETH $DOGE $btc EARNED 100K WITHIN A YEAR AFTER JOINING CT.THEIR LESSONS, ALERTS, CALL HELP ME A LOT THANKS TOâ€¦ https://t.co/DAAVcJ6xRY",2022-02-13 10:30:41+00:00,111,
1492808405488050176,Crypto is the future,"$BTC Super big chance in a billion!
Price: \4938272.0 (2022/02/13 19:29)
#Bitcoin #FX #BTC #crypto",2022-02-13 10:30:33+00:00,1595,
1492808385632567297,JPY,"USD: 115.410
EUR: 130.904
GBP: 156.500
AUD:  82.350
NZD:  76.713
CNY:  18.160
CHF: 124.630
BTC: 4,897,950
ETH: 337,585
Sun Feb 13  10:30 GMT",2022-02-13 10:30:28+00:00,15438,Japan
1492808363947982849,OKAN'S NFT COLLECTION,"Check out my NFT listing on OpenSea! https://t.co/BPXeOFShrx @openseaã‚ˆã‚Š

#NFT #Polygon #OpenSeaNFT #NFTCollectionâ€¦ https://t.co/jxWWh2LFsp",2022-02-13 10:30:23+00:00,3,
1492808360860975105,suden bkau,"This amazing faucet from @_bitcoiner is making me tweet this to claim my free Lightning sats. âš¡

@boltcoiner unlockâ€¦ https://t.co/hSXzLRfSMB",2022-02-13 10:30:22+00:00,23,
1492808359845654531,Get Cuan,"Huobi BTC
$HBTC
Price IDR: Rp 603,607,941
Price USD: US$42,079
High USD: US$ 42,924
Low USD: US$ 41,900
Change 1 H:â€¦ https://t.co/DffkG2ggba",2022-02-13 10:30:22+00:00,143,
1492808336491773956,CoinOK,1 BTC Price: Bitstamp 42386.05 USD #BTC #Bitcoin 2022-02-13 05:30 https://t.co/YZ8NphQGzf,2022-02-13 10:30:17+00:00,10285,
1492808333610434562,Helpme,"I need your help...plz donate me...ğŸ˜­
I am bankrupt.. my store is ruined last year January please help me..

I haveâ€¦ https://t.co/mqOn4GYMo2",2022-02-13 10:30:16+00:00,70,
1492808309686083587,Banti Katariya,"This amazing faucet from @_bitcoiner is making me tweet this to claim my free Lightning sats. âš¡

@boltcoiner unlockâ€¦ https://t.co/akvNLc63lG",2022-02-13 10:30:10+00:00,18,
1492808308729987073,Ratan Roy,"$BTC $ETH $DOGE $sol EARNED 100K WITHIN A YEAR AFTER JOINING CT.THEIR LESSONS, ALERTS, CALL HELP ME A LOT THANKS TOâ€¦ https://t.co/kK1yvJQDOG",2022-02-13 10:30:10+00:00,111,
1492808293995139080,cryptocoinboom,CRYPTO NEWS:  #JPMorgan Predicts Long-Term #Bitcoin Price https://t.co/wZaKB0s3CH #bitcoinnewsâ€¦ https://t.co/JkssgtNJks,2022-02-13 10:30:06+00:00,492,"Los Angeles, California, USA"
1492808290694279171,MBrae,"$TSLA winnings of initial #BTC investmentğŸ™Œ

$284505557 (21.07 %) (Realized: 272 M)
(Estimating an average buy priceâ€¦ https://t.co/epB6fS4JW1",2022-02-13 10:30:06+00:00,1715,
1492808286651002880,BTCtoCAD Blockchain Explorer,"#Bitcoin price in US Dollar #BTC $usd #BTCUSD $XBT #xbtusd 
BTC Price Now : 42,351.04$ USD 
Avg Last Hour : 42,337.â€¦ https://t.co/2Ny3wCz54E",2022-02-13 10:30:05+00:00,316,Canada
1492808282226016265,NFThee,Gala Games is growing bigger and bigger. It set aside a nice budget of 5 billion to invest in NFT games this year.â€¦ https://t.co/t2blFwDf6C,2022-02-13 10:30:04+00:00,29,"Rijssen-Holten, Nederland"
1492808279965249543,FTX_Spot-Future-Divergence_Bot,"[Future-0325]/[Spot] Divergence%

â–  Volume Top3
BTC: 0.1% (80M)
ETH: 0.0% (26M)
AVAX: -0.4% (3M)

â–  Divergence Top5â€¦ https://t.co/TpasSMzS7L",2022-02-13 10:30:03+00:00,31,
1492808278719574022,BakedNetğŸŒ®,"[â‚¿] #Bitcoin Daily $BTC [â‚¿]

Krakenâ¯
A:$42,363 L:$42,087 H:$42,491
Bitstampâ¯
A:$42,386 L:$41,740 H:$43,034
Bitfinexâ€¦ https://t.co/QcIePUkfqZ",2022-02-13 10:30:03+00:00,524,"Paris, FR"
1492808278388183041,ğŸ‡¸ğŸ‡» El Salvador Bitcoin Day Index ğŸ‡¸ğŸ‡»,"30 USD on #ElSalvador #BitcoinDay got you 63,900 sat. 
Now 63,900 sat are 27.06 USD (-9.78%)

1 BTC = 42,362.60 USDâ€¦ https://t.co/0zJYJuxMYV",2022-02-13 10:30:03+00:00,344,Planet Earth
1492808273988403200,Mila playporn,"Ethereum killers or just pretenders? But Ether remains king for now
#btc #eth #gold #cryptocurrency
https://t.co/cOsB6M2F6W",2022-02-13 10:30:02+00:00,8668,
1492808273980006401,Alisa Kitty,"Ripple Last Week: A â€œBetter BTC,â€ SEC Saga Trudges On, McCaleb Dumps More XRP
#bitcoin #DOGE #btc #blockchain
https://t.co/B3GJtDH6L4",2022-02-13 10:30:02+00:00,6662,
1492808273266941957,The Moon Is Back,"#Bitcoinâ€™s hash rate just exploded to a new ATH of 248.11 EH/s!

Are you bullish on $BTC?
ğŸ‘‡ğŸ»ğŸ‘‡ğŸ»ğŸ‘‡ğŸ»",2022-02-13 10:30:02+00:00,985241,The Moon
1492808265616572420,Cryptocurrency prices (real-time),"Top 10 #Cryptocurrency Live Prices: 
(05:30 AM . Feb 13,2022)

#BTC $42359.78
#ETH $2918.63
#BNB $402.08
#DOGE $0.1â€¦ https://t.co/XR1el8axsz",2022-02-13 10:30:00+00:00,762,
1492808221794385920,redirt bot,"CRO is proof how important marketing is. #crypto #defi #BTC #ETH #TRX

CRO has received a lot of criticism over theâ€¦ https://t.co/wR2m1uFOTj",2022-02-13 10:29:49+00:00,73,
1492808217168076801,redirt bot,"2021 was the year for Terra Luna and Solana, what do you think will take off in 2022? #crypto #defi #BTC #ETH #TRXâ€¦ https://t.co/gaLmtC3IQv",2022-02-13 10:29:48+00:00,73,
1492808214018404352,Ratan Roy,"$BTC $ETH $DOGE $near EARNED 100K WITHIN A YEAR AFTER JOINING CT.THEIR LESSONS, ALERTS, CALL HELP ME A LOT THANKS Tâ€¦ https://t.co/qRWFy0HYh1",2022-02-13 10:29:47+00:00,111,
1492808205357006851,NimrudkhaN,"BTC/BCH Last trade at 130.039, at February 13, 2022 at 03:59PM. #MasterMetals https://t.co/jaETpWWCfz",2022-02-13 10:29:45+00:00,920,"Nagpur, India"
1492808201154310145,Umit,#sand ğŸš€ğŸš€ğŸš€ $sand #sandbox #metaverse #btc https://t.co/XGUljQXl3l,2022-02-13 10:29:44+00:00,406,
1492808186595786755,JAY MOAP,"Bought some spot DOT, and bit of BTC. Happy to short it, but looking the spot/perp ratio on binanace btc is in the buy zone for a while now.",2022-02-13 10:29:41+00:00,282,
1492808180291702785,iNf4mation,"The iNf4mation 
88% off
 Sale starts in only 36 days at:Â 
#bitcoin #ethereum #cryptocurrency #blockchain #btcâ€¦ https://t.co/RYOvaXwGu1",2022-02-13 10:29:39+00:00,48223,"Mahe, Seychelles"
1492808157369966592,Wee Blue Ghost,"- 
BTC price: $42,376 / Â£31,244 

23.6 Naks per USD
32.01 Naks per GBP

&lt;price steady&gt; 

A #Nak is one millionth ofâ€¦ https://t.co/8PIU3mBh3M",2022-02-13 10:29:34+00:00,173,
1492808146045534208,Pi Network JapanğŸ‡¯ğŸ‡µ,"To be rich in the Tiger Year 2022, start to mine Pi network. Please use invite pi code:wawawa5678â€¦ https://t.co/RgRXZl72ZJ",2022-02-13 10:29:31+00:00,2,JAPAN æ—¥æœ¬
1492808144422338564,Bohdan Darmits,$BTC $DOGE DOGE wake ğŸ’—,2022-02-13 10:29:31+00:00,16,
1492808143893843968,Ratan Roy,"$BTC $ETH $DOGE $band EARNED 100K WITHIN A YEAR AFTER JOINING CT.THEIR LESSONS, ALERTS, CALL HELP ME A LOT THANKS Tâ€¦ https://t.co/klw6eEQiHi",2022-02-13 10:29:31+00:00,111,
1492808132246253569,Bondan mickle,"This amazing faucet from @_bitcoiner is making me tweet this to claim my free Lightning sats. âš¡

@boltcoiner unlockâ€¦ https://t.co/FH8A7KK3zc",2022-02-13 10:29:28+00:00,32,Indonesia
1492808127212933123,Pump ğŸš€ Cryptos ğŸ‘ Link in Profile,We are going to do the next big coin pump. Coin will be announced on telegram. Link in description. #BTC #BNB #ETH,2022-02-13 10:29:27+00:00,946,Crypto World
1492808123798724616,â‚¿recht,"Buy #BTC HODL 4 years, thank me later",2022-02-13 10:29:26+00:00,99,Roeselare ğŸ‡§ğŸ‡ª ğŸ‡­ğŸ‡°
1492808121550618625,Gambler,"Sign up on the best crypto gambling website in the world! You will get a daily, weekly and monthly bonus!

#casinoâ€¦ https://t.co/J4GYwJFFHF",2022-02-13 10:29:25+00:00,29,
1492808112339890178,Think In Crypto,XRP and One Low-Cap Altcoin Gearing Up for Rallies As Bitcoin (BTC) Pulls Back: Top CryptoÂ Analyst https://t.co/GoAQm3ByO1,2022-02-13 10:29:23+00:00,128,
1492808102445711360,Kamrulbd,"A great opportunity to join a great new generation company. Here you will find a lot for yourself, everything is deâ€¦ https://t.co/LzPjDOwdVs",2022-02-13 10:29:21+00:00,1139,"Dhaka,Bangladesh"
1492808073475469315,The Architect,#BTC looking at me like: https://t.co/jATeioUx8A,2022-02-13 10:29:14+00:00,12,
1492808063832756226,Sana Sarwat,"Global #Bitcoin Exchange https://t.co/v1oEDXbx1G
#btc",2022-02-13 10:29:12+00:00,240,India
1492808057943900162,M.eth,$btc to 47K ğŸ˜,2022-02-13 10:29:10+00:00,8181,in my head
1492808046992519169,Bitcoin BotğŸ¤–,Current #Bitcoin Price is $42356 #BTC #Crypto,2022-02-13 10:29:08+00:00,577,server
1492808025773469701,BitcoinPress,#Bitcoin #BTC Inside Heather Morgan and Ilya Lichtensteinâ€™s Confounding Bitcoin Case https://t.co/W7hXijoPKj,2022-02-13 10:29:03+00:00,806,
1492808013924560898,Nash Markets,"In daily, BTC still rejects the resistance corresponding to the previous higher low.

The increased likelihood of aâ€¦ https://t.co/vPpd2KjmDu",2022-02-13 10:29:00+00:00,4310,
1492807983285227522,cryptowolf,"the more i check the alts, the more i see bearishness.

unless btc pump and closed a green saber, it will change thâ€¦ https://t.co/q6Woe3Xhe2",2022-02-13 10:28:52+00:00,670,Republic of the Philippines
1492807970966626312,Disco Burn Token,DBT V1.1 Airdrops are complete make sure to add the new contract address 0x4A251d4fDcbbbc0A3d6Aa44F14B96480C4933C9Câ€¦ https://t.co/TWASrA7CW5,2022-02-13 10:28:49+00:00,2122,
1492807957486387200,Zacrian,"The leverage is high ğŸ˜±ğŸ˜±

#BTC #Binance #BSC #ETH #Solana #SOL $mina #AVAX #cryptocurrencies #NFTs #dot #adaâ€¦ https://t.co/Sg7JWwhC0w",2022-02-13 10:28:46+00:00,18,
1492807890310213635,Capitan,"$BTC Price: $42433
$ETH Price: $2923
$LTC Price: $126

Next update in 10 minutes
Last updated: 5:28:27.02",2022-02-13 10:28:30+00:00,1730,
1492807843656912900,ğŸ¦‡ ğŸ”Š Î Bulma Î ğŸ”‘,"What is MatrixETF?

#ETH #BTC #BNB #XMR #SHIB #DOGE #crypto https://t.co/joTpRoxZfg",2022-02-13 10:28:19+00:00,477,
1492807839823368194,ğŸ¦‡ ğŸ”Š Î Bulma Î ğŸ”‘,"Even doctors are getting into NFTs!

#ETH #BTC #BNB #XMR #SHIB #DOGE #crypto https://t.co/qM25BaaE9A",2022-02-13 10:28:18+00:00,477,
1492807836300201992,DEFYTALKS,"ğŸš€ Current Cryptocurrency Prices

$BTC = 42383 USD
$ETH = 2921.39 USD
$BNB = 402.3 USD
$ADA = 1.059 USD
$SOL = 95.95â€¦ https://t.co/SBYeQPd1qM",2022-02-13 10:28:17+00:00,256,
1492807819304787970,Seeb $LSS BULL + $UNO $FLAME $MTRG $BTC $ETH $SOL,"If you are fearful, diluted valuation at these prices is $60m dollarsâ€¦ Just think about that for a few minutes. Golâ€¦ https://t.co/lJZkORnDAh",2022-02-13 10:28:13+00:00,447,"Scotland, United Kingdom"
1492807773247225858,Occultist,The #Bitcoin market is not manipulated by #Tether @RD_btc @SpencerKSchiff &amp; @maxkeiser are all credible people thatâ€¦ https://t.co/rmxHkWj6y8,2022-02-13 10:28:02+00:00,2487,United Kingdom
1492807717005963264,Cangkeman Wae,A very smart project brings us excitement to always follow. We believe this project will work and succeed because tâ€¦ https://t.co/LNLcPVWr7j,2022-02-13 10:27:49+00:00,11939,London
1492807711205240832,bitcoinmanbearbull,$BTC head and necklace pattern https://t.co/ICnqFJsDfJ,2022-02-13 10:27:48+00:00,1187,
1492807700002050051,sakozorcom,Buy your #BTC #ADA now! https://t.co/BYUT4GLsr3,2022-02-13 10:27:45+00:00,69,
1492807638803181569,Benjamin AGHDAIE,I'm not surprised if we see more drops in #BTC price immediately. Forget tether accumulation in platforms. ğŸ¤·â€â™‚ï¸ğŸ¤·â€â™‚ï¸â€¦ https://t.co/85UlBUBVa5,2022-02-13 10:27:30+00:00,1016,
1492807613658107904,Crypto Trendin,"Top 5 Mentions Updated Every 15 Minutes

  [BETA STAGE] Except BTC and ETH  

  1- $ETC:200729 point ğŸš€

  2- $OAX:1â€¦ https://t.co/vpbyaD7YUw",2022-02-13 10:27:24+00:00,20764,
1492807604627972096,WE WORK & PLAY official,"SLP price update as of February 13, 2022.

Join WWP Guild on DISCORD: https://t.co/PYNnLvTtF5

For more CRYPTO UPDAâ€¦ https://t.co/k4Zr5gX0Dy",2022-02-13 10:27:22+00:00,269,
1492807575548563457,StoopidBaker,"BTC going down. Rate hikes continue, reversed fear greed index, NFT search volume flips crypto search. NFL today. Hâ€¦ https://t.co/w354yKFSp0",2022-02-13 10:27:15+00:00,551,
1492807523656925189,BTCnews iOS App,"Bitcoinâ€™s Exchange Supply Hits Three-Year Low, BTC Crowd Sentiment Turns Positive - CoinGape via BTCnews for iOS https://t.co/DxBqPtVslY",2022-02-13 10:27:03+00:00,736,
1492807473522044929,Sanchit,"Very interesting results...do think abt them before u take ur next trade...

$btc #crypto https://t.co/J6xUbNpO6d",2022-02-13 10:26:51+00:00,5489,Metaverse
1492807472326791168,MERT,I will be glad if you help with the first nft sale 0.1 eth #NFTCommunity #nftcollector #NFTGiveaways #BTC #Ethereumâ€¦ https://t.co/vshMHnS0bT,2022-02-13 10:26:51+00:00,39,Opensea
1492807472280657922,.......â­ï¸.......,"I am claiming my free Lightning sats from @_bitcoiner's amazing faucet! âš¡

@boltcoiner unlock me f57b4f18-4855-40e2â€¦ https://t.co/2ZXzw7h550",2022-02-13 10:26:51+00:00,50,Namibia
1492807468954664962,AltCoinMarket î¨€,"$BTC Fear &amp; Greed Index 
@AltCoinMarketUK @Bitcoin 

#bitcoins #bitcoin #BTC #CryptoNews #1 BTC #cyptocurrencyâ€¦ https://t.co/hTiD6XeR6y",2022-02-13 10:26:50+00:00,22836,"London, England"
1492807456908578817,Anabel Donna,My hottest news is from Arizona..Hope the senate Approves #BTC as a legal means of tender soon. https://t.co/BTbB2f0ktK,2022-02-13 10:26:47+00:00,45,
1492807455067320321,Haris Khatti,#fideliscrypto  #crypto #investment #fidelis #btc #cryptolove #inflation #moneytalks #moneyfocus #bitcointradingâ€¦ https://t.co/G0qYTfZmEO,2022-02-13 10:26:46+00:00,3764,
1492807436713009156,Crypto 'tunities - Itâ€™s not too late to be early!,"#btc myths:
Not correlated to any other asset
Only has an upside
Considering supply and NOT true current demand (inâ€¦ https://t.co/G72xx9Tfy5",2022-02-13 10:26:42+00:00,1183,
1492807403422818309,cryptoprx.com,XRP and One Low-Cap Altcoin Gearing Up for Rallies As Bitcoin (BTC) Pulls Back: Top Crypto Analyst https://t.co/cMFrmyjRxk,2022-02-13 10:26:34+00:00,533,
1492807393167790081,FairPad,Follow us to be informed about the latest news. We will be launching our LaunchPad soon and don't miss the opportunâ€¦ https://t.co/2XmxXDywWc,2022-02-13 10:26:32+00:00,1,
1492807388038008836,DJ âš›,Mission: save the #btc weekly. https://t.co/EfBajiJSB7,2022-02-13 10:26:30+00:00,2827,
1492807377363640320,GondalF1,"my previous plan is still working for #BTC 

#BTC #cryptocurrencies #markets #priceaction https://t.co/txDKk6rUpZ",2022-02-13 10:26:28+00:00,20,
1492807368996016131,iâ‚¿rain,"where do you trade crypto futures besides binance?
Whatâ€™s the best alternative or which exchange is better??

$BTC #Bitcoin $ETH #crypto",2022-02-13 10:26:26+00:00,1308,Moon
1492807338943823880,Anarchfree,"Candidate for Governor of Idaho holds â€œThe Bitcoin Standardâ€ days after.

The #Bitcoin politicians are among us. Thâ€¦ https://t.co/Ji3O5kj31s",2022-02-13 10:26:19+00:00,47,
1492807324909678592,Haris Khatti,#fideliscrypto  #crypto #investment #fidelis #btc #cryptolove #inflation #moneytalks #moneyfocus #bitcointradingâ€¦ https://t.co/oaCVn4cSui,2022-02-13 10:26:15+00:00,3764,
1492807276578877452,Crypto Trader Pro ğŸ‡ºğŸ‡¸,CryptoMoonShots ğŸš€ğŸŒ–:  $FSD â€“ Floki Shiba Doge: Combining The Best Of All Top 3 Memecoins Into One Token | Day 3 | 80â€¦ https://t.co/GtTLbQzktO,2022-02-13 10:26:04+00:00,31811,ğŸ‡ºğŸ‡¸
1492807261248442375,BR AI,"Great, BR AI just made a successful trade for BTC, with a Profit of 0.09% on binance.",2022-02-13 10:26:00+00:00,3,
1492807254399148038,GlobalEconomy,"#BTC please do something (4H chart)

Start trading using #Bybit, you will get a bonus of up to 1000 #USDTğŸ’µon your fâ€¦ https://t.co/8NNMXxDbFD",2022-02-13 10:25:59+00:00,1325,DYOR - Not Financial Advice
1492807243766677507,Jessica Kezar,Iâ€™ve built a way to score elected Officials for their votes on #Bitcoin If you know of any State or Federal Bills tâ€¦ https://t.co/9MGNGg9BkE,2022-02-13 10:25:56+00:00,3,"Cleveland Heights, OH"
1492807218755952644,ğ˜—ğ˜ˆğ˜›ğ˜•ğ˜™ğ˜Œğ˜’ğ˜–ğ˜ğ˜•ğ˜ğ˜šğ˜ğ˜•,"#BTC #Bitcoin #BTCUSD 
quelle fucking surprise! ğŸ˜‰ https://t.co/hKGonT31JI",2022-02-13 10:25:50+00:00,79,
1492807213865394178,Mitali,"This amazing faucet from @_bitcoiner is making me tweet this to claim my free Lightning sats. âš¡

@boltcoiner unlockâ€¦ https://t.co/7qEPCUDbDN",2022-02-13 10:25:49+00:00,19,
1492807199969591296,"ZigiHash #Bitcoin, #BTC, $BTC & #Zigi","#ZIGI, ZIGI, https://t.co/Pmc9ICAQC0 https://t.co/rhrYRgMqGY is ğŸ†â˜ easy â€¼ to ğŸ”µğŸ’¦ get ğŸ‘ğŸ˜• lost ğŸ’¦ in ğŸ» - who ğŸ˜‚ knows whâ€¦ https://t.co/0pESJQylXK",2022-02-13 10:25:46+00:00,561,"Amsterdam, Netherland"
1492807186061438977,SHIBA - The next cryptocurrency,"#Shiba is listed on 65 #exchanges with an average price of 0.000032 USDT. 

The lowest price to buy $Shiba is
0.000â€¦ https://t.co/x3uTQsngvR",2022-02-13 10:25:42+00:00,1176,
1492807185654587394,BitCoinAlertBot,The current price of #BTC is $42351.45 in USD,2022-02-13 10:25:42+00:00,352,
1492807160316964865,Madhobi Roy,"Trending on #LunarCrush:

""Surging cryptocurrency trend explained"" via @newscomauHQ

Top coin mentions
$btc

https://t.co/5VMW79nvNw",2022-02-13 10:25:36+00:00,52,
1492807107011248128,Nostranomist,$btc.d getting to an interesting point. Could see some more opportunity in alts. Except some to bleed or get outperâ€¦ https://t.co/R8gxA1zum1,2022-02-13 10:25:23+00:00,3293,Cali
1492807044688187393,Grey_Goose,"It looks very much like the ""inverted head and shoulders"" figure is forming on the bitcoin chart. BTC cannot fall bâ€¦ https://t.co/8EFRqg5Zc0",2022-02-13 10:25:09+00:00,1,
1492807044524658691,Ren hodl,"Mdt binance staking  %50 Buy hodlx4 Buy $REN  

#btc #eth #bnb #SHIB $moon #bitcoin #kripto #altcoins #slp https://t.co/PGcFUH05p6",2022-02-13 10:25:09+00:00,331,
1492807007220518914,Cryptocurrency prices (real-time),"Top 10 #Cryptocurrency Live Prices: 
(05:25 AM . Feb 13,2022)

#BTC $42352.08
#ETH $2918.53
#BNB $402.36
#DOGE $0.1â€¦ https://t.co/wlHyydTiYR",2022-02-13 10:25:00+00:00,762,
1492806981933236228,stalin,"#1 Crypto trading community hands down. Pros and fellow members willing to help, share knowledge, joke as well as hâ€¦ https://t.co/EYQt9zZRJu",2022-02-13 10:24:54+00:00,32,USA
1492806976274845699,Bloxville â™¨ï¸,"I think $BTC needs 4th booster jab.
#COVID19Aus #BTC #Bitcoin",2022-02-13 10:24:52+00:00,307,the blockchain
1492806970805735426,Yoyo Villamen,"This is one of the safest times to open a BIG SHORT on #Bitcoin #Bitxoin #Bitcoim to 18k, then reshort the $BTC bouâ€¦ https://t.co/2ZC7oilCke",2022-02-13 10:24:51+00:00,331,
1492806916459933697,The Wolf,"Currently I am waiting for the weekly close , before longing or shorting anything . But to be honest watching 3D onâ€¦ https://t.co/wUOKoKCnF9",2022-02-13 10:24:38+00:00,164,Road to Financial Independance
1492806893395677184,stalin,"Pros and fellow members willing to help, share knowledge, joke as well as help your portfolio. Join so you can seeâ€¦ https://t.co/trpermVjbc",2022-02-13 10:24:33+00:00,32,USA
1492806865751003139,ğŸ†ƒğŸ…´ğŸ…°ğŸ…¼ ğŸ†„ğŸ…½ğŸ…¸ğŸ…¼ğŸ…¾ğŸ…¾ğŸ…½ğŸ‡®ğŸ‡³,"#Unimoonâš¡âš¡âš¡ğŸ›¸
@elonmusk
@jack
@cz_binance
@BenPhillipsUK
@CSCLAIM
@WazirXIndia
@saylor
@kucoincom
@ethereumâ€¦ https://t.co/trWyBvl0gS",2022-02-13 10:24:26+00:00,46,"Ahmadabad City, India"
1492806822998286337,ZillionaireMindset1,"Keep a watch on shiba 300% profit ğŸªµ
 @Shibtoken @ShibaPuP3  #btc #cz_binance #Coinbase @ShibArmy https://t.co/kkx0j3cgNR",2022-02-13 10:24:16+00:00,78,"Miami, FL"
1492806815066820610,b,"$BTC 4h chart.

If the 4h closing is on the blue line, it will become safe.

Closing under is dangerous.â€¦ https://t.co/mI42KU9P7n",2022-02-13 10:24:14+00:00,9375,"SarÄ±yer, Ä°stanbul"
1492806806376443907,PapaZoLa,#btc is great. #crypto will 100Ã— .,2022-02-13 10:24:12+00:00,31,
1492806791578910723,stalin,"#1 Crypto trading community hands down. Pros and fellow members willing to help, share knowledge, joke as well as hâ€¦ https://t.co/StKcZGkL9m",2022-02-13 10:24:08+00:00,32,USA
1492806787006808066,Bitcoin BotğŸ¤–,Current #Bitcoin Price is $42352 #BTC #Crypto,2022-02-13 10:24:07+00:00,577,server
1492806777863290883,CryptoCurrencies News bot,XRP and One Low-Cap Altcoin Gearing Up for Rallies As Bitcoin (BTC) Pulls Back: Top Crypto Analyst :â€¦ https://t.co/BJzEklH4tY,2022-02-13 10:24:05+00:00,441,ğŸš€ ğŸŒ•
1492806777829675010,Eyal Avraham,"Spain Modifies Tax Model 720, Used to Declare Cryptocurrency Holdings Abroad https://t.co/Hcw1QUIl8V https://t.co/rWr33iYrVr",2022-02-13 10:24:05+00:00,43,
1492806767843053568,Eyal Avraham,South Korea Jails Seven Masterminds of Countryâ€™s â€˜Largest Crypto Fraud Schemeâ€™ https://t.co/3TCtFZvtec https://t.co/helQd4pBEY,2022-02-13 10:24:03+00:00,43,
1492806705565954054,Satoshi Foxamoto,"$BTC hash rate is at an all-time high.
$BTC dark web transactions are at an all-time high.

Prolly a scam",2022-02-13 10:23:48+00:00,2010,"Portland, Oregon"
1492806679246819338,Blockchain In Pidgin English,BREAKING:ğŸ’¥ Oga kpata kpata (Aka CEO) of  UBER don confirm say e go reach when them go begin accept #BTC$BTC andâ€¦ https://t.co/i73hc2SXDy,2022-02-13 10:23:41+00:00,17,
1492806674263859201,Esther,"$BTC ain a few years, there won't be any to buy, you will still be living paycheck to paycheck, and you will probably blame the system. â˜",2022-02-13 10:23:40+00:00,12,
1492806636649742342,stalin,"Pros and fellow members willing to help, share knowledge, joke as well as help your portfolio. Join so you can seeâ€¦ https://t.co/Y93s3Ylomh",2022-02-13 10:23:31+00:00,32,USA
1492806618848927750,ğŸŸ  Bitcoin Fear and Greed Index,"I'm back ğŸ¤
Sunday , Fev. 13, 2022
#BTC current price: $42,330
ğŸ”¸Fear &amp; Greed: 44 (= vs D-1) - Fear 
ğŸ”¹Chart: F&amp;G sincâ€¦ https://t.co/3wtHXWM99C",2022-02-13 10:23:27+00:00,6449,
1492806598347001859,iNf4mation,"XRP and One Low-Cap Altcoin Gearing Up for Rallies As Bitcoin (BTC) Pulls Back: Top Crypto Analyst
#bitcoinâ€¦ https://t.co/98bL0cBoWJ",2022-02-13 10:23:22+00:00,48223,"Mahe, Seychelles"
1492806557419122688,Howie 69,XRP and One Low-Cap Altcoin Gearing Up for Rallies As Bitcoin (BTC) Pulls Back: Top Crypto Analyst https://t.co/TOyWUkbT1q,2022-02-13 10:23:12+00:00,2815,
1492806551996108801,stalin,"The lessons, together with the very helpful support from the CT community, have proved invaluable in my goal to becâ€¦ https://t.co/Wuzb5vbnox",2022-02-13 10:23:11+00:00,32,USA
1492806535096848384,ğ“–ğ“®ğ“½ğ“½ğ”‚ ğ‘°ğ’ğ’—ğ’†ğ’”ğ’•ğ’ğ’†ğ’ğ’•ğ’” â¬¢,"$PLSX to x10,000 
....
#Bitcoin #Ethereum #BNB #XRP #ADA #DOGE #LUNA #SOL #MATIC #UST #SHIB #AVAX #DOT #LTC #NEARâ€¦ https://t.co/zHcfn5ZnWm",2022-02-13 10:23:07+00:00,55,Sutton Place 
1492806530701221889,IndiaWantsCryptoâš¡,"ğŸ‡®ğŸ‡³ India Crypto Exchange ğŸ‡®ğŸ‡³
âœ…BTC Trading Volume(24hours)
 1âƒ£Wazirx : 127 BTC
 2âƒ£Coindcx : 121 BTC
 3âƒ£Zebpay : 6 BTCâ€¦ https://t.co/4LtpSeh6OM",2022-02-13 10:23:06+00:00,92,Bengaluru India
1492806530680619008,IndiaWantsCryptoâš¡,"ğŸ‡®ğŸ‡³ India Bitcoin Exchange ğŸ‡®ğŸ‡³
ğŸ’°Bidâ€“Ask Spread RankingğŸ’°
 1âƒ£Wazirx : 736 INR
 2âƒ£Coindcx : 5,070 INR
 3âƒ£Zebpay : 6,000â€¦ https://t.co/vAqw76G0zV",2022-02-13 10:23:06+00:00,92,Bengaluru India
1492806499315650565,stalin,"And of course another huge shout out to DONO and Kevin who have been on FIRE since the day I joined!. 

$SOL $ETHâ€¦ https://t.co/913QqcBoc2",2022-02-13 10:22:59+00:00,32,USA
1492806427597021189,The New Gold ğŸŒ–,"See you in 6 months dear $MELD

#ADA $ADA #Cardano #cardanocomminity #Melding https://t.co/pSJpNhWUUE",2022-02-13 10:22:41+00:00,242,BTC + LUNA + ADA + SOL + DOT
1492806426275762176,Jessie Trab,All you need to know.   #BlueHorizon #NFT #BLH $BLH #NFTCommunity #nftart #NFTProject #Bitcoin #ETH #BTC #Blue #gemâ€¦ https://t.co/OFowfjmKSh,2022-02-13 10:22:41+00:00,125,Netherlands - Amsterdam
1492806418441043976,stalin,Been a lifetime member for almost two years now and am only starting to take advantage of Stefan C 's lessons. .â€¦ https://t.co/ishkCZs58E,2022-02-13 10:22:39+00:00,32,USA
1492806336215719936,Gem Hodlers News & Marketing Co. ğŸ’,XRP and One Low-Cap Altcoin Gearing Up for Rallies As Bitcoin (BTC) Pulls Back: Top CryptoÂ Analyst https://t.co/7cVFCNqP34,2022-02-13 10:22:20+00:00,4438,NFA.DYOR
1492806333720059905,Coeus,This dude was face pumping bitcoin all 2021 now he is stating past 13 months have been a bear market LOL where wasâ€¦ https://t.co/oLNqBscMFQ,2022-02-13 10:22:19+00:00,138,
1492806327978311680,stalin,"The lessons, together with the very helpful support from the CT community, have proved invaluable in my goal to becâ€¦ https://t.co/cyZOEdzDKe",2022-02-13 10:22:18+00:00,32,USA
1492806241953140736,wuaijing,"Blockchain-based digital collections are digital works, works of art and commodities that use blockchain technologyâ€¦ https://t.co/QXGu7TW5Sw",2022-02-13 10:21:57+00:00,33,
1492806240451313667,Bitcoinâš¡ï¸,"#Bitcoin supply audit!
Total #Bitcoins mined till date: 18956568.79247566
Total Supply: 20,999,999.9769
#Bitcoin suâ€¦ https://t.co/N3iM7imHqW",2022-02-13 10:21:57+00:00,282,Blockchain
1492806238471700484,Bitcoinâš¡ï¸,"With e-currency based on cryptographic proof, without the need to trust a third party middleman, money can be securâ€¦ https://t.co/8K9G5IYzd7",2022-02-13 10:21:56+00:00,282,Blockchain
1492806237083566081,daigin.bit,"It will still be as popular as Line Pay and PayPay.
#BTC https://t.co/jw1EZL7Iq2",2022-02-13 10:21:56+00:00,176,
1492806206922149888,"FendiK (3Â²,3Â²)","Tune in this #Wednesday as @BonafiideCrypto  hosts @Abachi_io  founders @3L3C70 and @Rand_1337 on Twitter Spaces ""Gâ€¦ https://t.co/lK2QJ2lAb6",2022-02-13 10:21:49+00:00,450,Islamabad
1492806167751720962,BTCæƒ…å ±ã‚¢ãƒ©ãƒ¼ãƒˆğŸ“Š,"#BTC Derivs Sheet (Tweet every 15 min.)
CME Delayed (10 min)
GS Delayed (15 min) and OI = SHARES OUT https://t.co/Kk3mr7rFnV",2022-02-13 10:21:40+00:00,38288,Japan
1492806143902556160,Crypto Scoop,#PressRelease TurboXBT Announces Strategic Partnership with Coinify to Bring Card Payments to all Usersâ€¦ https://t.co/VMKbN3mFvb,2022-02-13 10:21:34+00:00,1312,"New York, USA"
1492806132133474305,LUCIFER ğŸ‘‘DANNY_FIRST_SONğŸ§¸ğŸ‘»âš›ï¸,"I think This is a retest ğŸ¤” for up only ğŸ¤·
$BTC
NFA https://t.co/FWeZkmZ8E4",2022-02-13 10:21:31+00:00,1464,Nigeria
1492806085337845761,EagleğŸ¦…,$BTC wake me up when this range breaks. https://t.co/8RbW69OBl5,2022-02-13 10:21:20+00:00,49,"Melbourne, Australia"
1492806033366196225,Kaliyas,"Never Missing the Top Gainers of crypto https://t.co/tSsYJSKfah Signal on $SHIB 

$DOT $SRM $SOL $LINK $BTT $CHZâ€¦ https://t.co/w9yv9V75PA",2022-02-13 10:21:08+00:00,113,
1492805969620914176,Enzo,"URGENT! FRANK. #A5455347 
#LosAngeles 
â˜ï¸(661)9404191
ğŸ’»acclancaster@animalcare.lacounty.gov
ğŸ‘‰@AnimaLancasterâ€¦ https://t.co/9XcqE6Jirn",2022-02-13 10:20:52+00:00,553,
1492805963895738371,SUSKUN,"Bitcoin 1-week social activity:

Galaxy Scoreâ„¢ 65.5/100
AltRankâ„¢ 99/3,530
3,558,387 social mentions
13,760,892,391â€¦ https://t.co/CaksssC2T2",2022-02-13 10:20:51+00:00,59,
1492805958749274117,Bitcoin Price,#BTC is now at $42348.96,2022-02-13 10:20:50+00:00,183,
1492805948154462211,DuskyCoin,"ğŸ“£ Dusky Coin PRESALE IS LIVE NOW GUYS!ğŸ“£ 
https://t.co/7wlAlUXEFT
ğŸ’¸Min. Contribution:0.05 BNB
ğŸ’¸Max. Contribution: 5â€¦ https://t.co/zjYRM4PRlO",2022-02-13 10:20:47+00:00,16,
1492805924502786050,KOLR,Mr. Popsicle #120 0.002 ETH Check out my NFT listing on OpenSea! https://t.co/Y6aL3kk7ve via @opensea Mr. Popsicleâ€¦ https://t.co/mibJZ0y3ho,2022-02-13 10:20:42+00:00,1336,
1492805913379549185,Adam Smith Row,Over 500 people are holding ONE BTC ğŸ’ªğŸ˜‰,2022-02-13 10:20:39+00:00,5,
1492805894966366208,an,"Total volume trading from $300M to $400M just in 16days

Hegic - the best option trading platform x100 gem 

btc biâ€¦ https://t.co/EvZ6SrSpQY",2022-02-13 10:20:35+00:00,0,
1492805885579730946,VolumeMonitor.com ğŸš€,"$FIDA / USDT Volume increase detected!

Spike: 172,674.46 USDT
24h Vol: 6,252,866.63 USDT

Get ALL the alerts here:â€¦ https://t.co/0r7RFTJPgV",2022-02-13 10:20:32+00:00,22574,
1492805883155386369,ğŸ‘½ğŸ›¸ğŸ§ Crypto News--FOLLOW MEğŸ›¸ğŸ‘½ğŸ§,"âš¡ Top past 7d performers (top100 coins): 
1st: $SHIB 28.1%âš¡  
2nd: $LEO 25.5%âš¡  
3nd: $EGLD 24.0%âš¡  
You #crypto moâ€¦ https://t.co/N89BcM5GGN",2022-02-13 10:20:32+00:00,1759,"Roswell, New Mexico"
1492805843242397698,Games Coins,"The $THC from @ThetanArena is now at $0.02332 
ğŸ“‰ Is down -1.469% compare to 1 hour ago
ğŸ“‰ And is down -45.967% compaâ€¦ https://t.co/iPEGN1Zfjp",2022-02-13 10:20:22+00:00,93,
1492805831947132933,marry uche (tranche: French for $SLICE),The Fidelis Platform is the space in which the FIDELIS Ecosystem will operate. The FIDELIS ecosystem has two Habitaâ€¦ https://t.co/jmxLTBtuCh,2022-02-13 10:20:19+00:00,4979,
1492805809713074179,Miracle Nwokwu ğŸ§ ,A lot of coins are beginning to form either a cup &amp; handle or inverse head &amp; shoulder (bullish) - #BTC leading theâ€¦ https://t.co/cegs0YSkza,2022-02-13 10:20:14+00:00,956,On-chain
1492805805313245186,Captain,"#BitTorrent was there first | 2001 

#BTC took over | 2009

2022 is a good time to look at #BTT again! 
Can't waitâ€¦ https://t.co/AhizTGGGGb",2022-02-13 10:20:13+00:00,11,Amsterdam - Cape Town
1492805799483084800,Rami Ali,"[Chance after the crash]

Grid profit + variable profit / loss = explosive profit

With Pionex grid trading, AI botâ€¦ https://t.co/r7QNvzGQIv",2022-02-13 10:20:12+00:00,254,METAVERSE
1492805798187057153,Rami Ali,"Pionex is an exchange designed for the trading bot. Great liquidity which aggregates from multiple other exchanges,â€¦ https://t.co/RG4HzQUaeT",2022-02-13 10:20:11+00:00,254,METAVERSE
1492805793820733442,Crypto Trader Pro ğŸ‡ºğŸ‡¸,Crypto Panic: Rare Alien CryptoPunk NFT Sells for $23.7 Million https://t.co/lzsdqZbxOi ğŸ™‹ Bet with $BTC via âŸ¶â€¦ https://t.co/L3cFeoN8wR,2022-02-13 10:20:10+00:00,31811,ğŸ‡ºğŸ‡¸
1492805792696877058,Jones Adefolajuwon,"The news from the Arizona senator to make #BTC legal tender, was my hottest news. https://t.co/L5TF0YO9wZ",2022-02-13 10:20:10+00:00,54,
1492805785197318144,Crypto Trader Pro ğŸ‡ºğŸ‡¸,Crypto Panic: Ethereum Classic: Does this $1000 projection hold water after Mystique https://t.co/9eaXU0KaX1 ğŸ™‹ Betâ€¦ https://t.co/eRlplww5C6,2022-02-13 10:20:08+00:00,31811,ğŸ‡ºğŸ‡¸
1492805782790086656,BTCæƒ…å ±ã‚¢ãƒ©ãƒ¼ãƒˆğŸ“Š,"Indicative price bands from BitVol &amp; LXVX

BTCUSD: $42,361
BitVol: 75.68
ã€€ã€Dayã€‘$40572 ï½ $43918
ã€€ã€Weekã€‘$37811 ï½ $466â€¦ https://t.co/8khjrormfs",2022-02-13 10:20:08+00:00,38288,Japan
1492805781636497409,Alert Shark,"#Bitcoin ğŸ“ˆ 

â–“â–“â–“â–“â–“â–“â–‘â–‘â–‘â–‘â–‘â–‘â–‘â–‘â–‘ 43%

price:$42348.96      eth/btc: 0.07",2022-02-13 10:20:07+00:00,1051,Worldwide
1492805775143567363,Crypto Trader Pro ğŸ‡ºğŸ‡¸,"Crypto Panic: Weekend Watch: Ripple Soars 8%, Bitcoin Maintains Crucial $42K https://t.co/VvieJWNxXi ğŸ™‹ Bet withâ€¦ https://t.co/vEv4nAm77o",2022-02-13 10:20:06+00:00,31811,ğŸ‡ºğŸ‡¸
1492805758798422020,David,"Don't chase green candles.
Try not to buy at ATHs.
Buy when the market is RED, and everyone is panicking.

Crypto fâ€¦ https://t.co/GYnLl6nle0",2022-02-13 10:20:02+00:00,4,
1492805756781043714,marry uche (tranche: French for $SLICE),"perfect development
#fideliscrypto  #crypto #investment #fidelis #btc #cryptolove #inflation #moneytalksâ€¦ https://t.co/TCYOXdSVDD",2022-02-13 10:20:02+00:00,4979,
1492805752259493892,Cryptocurrency prices (real-time),"Top 10 #Cryptocurrency Live Prices: 
(05:20 AM . Feb 13,2022)

#BTC $42326.75
#ETH $2915.85
#BNB $402.31
#DOGE $0.1â€¦ https://t.co/nw3cQ5AhT0",2022-02-13 10:20:00+00:00,762,
1492805742193172480,itâ€™s Adrian,This is the problem of the image of the Bitcoin ecosystem. We can be for Bitcoin and for the state. Bukele is justâ€¦ https://t.co/7XluFyEIzX,2022-02-13 10:19:58+00:00,42,"Paris, France"
1492805731472625665,Bitcoin updates,"The $BTC price is at $42,333.23 right now.
ğŸŸ¢ Compared to the last tweet, the price has increased by $36.54 (0.09%).â€¦ https://t.co/8mrm23O4VT",2022-02-13 10:19:56+00:00,4453,
1492805714473009153,John Morgan,"XRP and One Low-Cap Altcoin Gearing Up for Rallies As Bitcoin (BTC) Pulls Back: Top Crypto Analyst

https://t.co/yUAm6uqoWX",2022-02-13 10:19:51+00:00,28358,"For now, Earth"
1492805706021765123,EagleğŸ¦…,"$BTC 1D. Higher low in this region would look very bullish despite the death cross (blue50, yellow200 EMA). https://t.co/5QPFm0d2lq",2022-02-13 10:19:49+00:00,49,"Melbourne, Australia"
